User,UserID,query,TweetID,created_at,hashtag
olletsak,946583011,Dodgers,1056295175088033792,2018-10-27 21:22:49,Dodgers
olletsak,946583011,Dodgers,1056295175088033792,2018-10-27 21:22:49,MaxMuncy
olletsak,946583011,Dodgers,1056295175088033792,2018-10-27 21:22:49,WorldSeries
ortizrendon12,943586522602893312,Dodgers,1056295170151473153,2018-10-27 21:22:48,Dodgers
ortizrendon12,943586522602893312,Dodgers,1056295170151473153,2018-10-27 21:22:48,Yankees
1PinkFloyd,211352521,Dodgers,1056295152531136512,2018-10-27 21:22:44,LADetermined
iiSpaceDuck,3231951218,Dodgers,1056295135686717440,2018-10-27 21:22:40,Dodgers
NatsPurPLe_HaZE,60282062,Dodgers,1056295125423337472,2018-10-27 21:22:37,WorldSeries
rvabwk,400731557,Dodgers,1056295124555177985,2018-10-27 21:22:37,Dodgers
savannahjeanx,3273892057,Dodgers,1056295124534145024,2018-10-27 21:22:37,DodgersWIN
savannahjeanx,3273892057,Dodgers,1056295124534145024,2018-10-27 21:22:37,Dodgers
asapjordanv0,2910584484,Dodgers,1056295112882311168,2018-10-27 21:22:34,WorldSeries
ProfCalebMiller,856152895,Dodgers,1056295111229927425,2018-10-27 21:22:34,Grandal
ProfCalebMiller,856152895,Dodgers,1056295111229927425,2018-10-27 21:22:34,Barnes
ProfCalebMiller,856152895,Dodgers,1056295111229927425,2018-10-27 21:22:34,Dodgers
ProfCalebMiller,856152895,Dodgers,1056295111229927425,2018-10-27 21:22:34,Lineup
ProfCalebMiller,856152895,Dodgers,1056295111229927425,2018-10-27 21:22:34,WorldSeries
ProfCalebMiller,856152895,Dodgers,1056295111229927425,2018-10-27 21:22:34,Game4
ProfCalebMiller,856152895,Dodgers,1056295111229927425,2018-10-27 21:22:34,HR4HR
Petey_22,192397638,Dodgers,1056295107949867010,2018-10-27 21:22:33,LADetermined
ejmccarthy,22532402,Dodgers,1056295089343885313,2018-10-27 21:22:28,Dodgers
GeoBal1407,591961408,Dodgers,1056295086034608128,2018-10-27 21:22:28,SerieMundial
HastingsJudson,1536732781,Dodgers,1056295084243804160,2018-10-27 21:22:27,AlamoCityComicCon
vitvminJ,531220234,Dodgers,1056295079328002048,2018-10-27 21:22:26,comedrinkwithus
Njshjtj1,951217966544236544,Dodgers,1056295046767693824,2018-10-27 21:22:18,IDOL
Njshjtj1,951217966544236544,Dodgers,1056295046767693824,2018-10-27 21:22:18,BTS
Njshjtj1,951217966544236544,Dodgers,1056295046767693824,2018-10-27 21:22:18,Dodgers
CoastCabCritic,825482821489795072,Dodgers,1056295027671003136,2018-10-27 21:22:14,HowellMountain
CoastCabCritic,825482821489795072,Dodgers,1056295027671003136,2018-10-27 21:22:14,Cabernet
CoastCabCritic,825482821489795072,Dodgers,1056295027671003136,2018-10-27 21:22:14,NapaValley
CoastCabCritic,825482821489795072,Dodgers,1056295027671003136,2018-10-27 21:22:14,WorldSeries
CoastCabCritic,825482821489795072,Dodgers,1056295027671003136,2018-10-27 21:22:14,RedSox
CoastCabCritic,825482821489795072,Dodgers,1056295027671003136,2018-10-27 21:22:14,Dodgers
CoastCabCritic,825482821489795072,Dodgers,1056295027671003136,2018-10-27 21:22:14,Longhorns
CoastCabCritic,825482821489795072,Dodgers,1056295027671003136,2018-10-27 21:22:14,Cowboys
CoastCabCritic,825482821489795072,Dodgers,1056295027671003136,2018-10-27 21:22:14,dogsomm
CareyTheTorch,368795343,Dodgers,1056295006233739265,2018-10-27 21:22:09,Dodgers
CareyTheTorch,368795343,Dodgers,1056295006233739265,2018-10-27 21:22:09,LineupFun
CareyTheTorch,368795343,Dodgers,1056295006233739265,2018-10-27 21:22:09,Game4
mikeboada,135258012,Dodgers,1056295000231690241,2018-10-27 21:22:07,PorSiNoLoViste
mikeboada,135258012,Dodgers,1056295000231690241,2018-10-27 21:22:07,WorldSeries
Sickassfoo626,1006722740,Dodgers,1056294997220196352,2018-10-27 21:22:07,BallparkCam
BillsMafia1308,362665928,Dodgers,1056294994867175424,2018-10-27 21:22:06,Dodgers
BillsMafia1308,362665928,Dodgers,1056294994867175424,2018-10-27 21:22:06,RedSox
BillsMafia1308,362665928,Dodgers,1056294994867175424,2018-10-27 21:22:06,WorldSeries
BillsMafia1308,362665928,Dodgers,1056294994867175424,2018-10-27 21:22:06,LADetermined
SpaceeQueeen,831038458864889856,Dodgers,1056294988391231490,2018-10-27 21:22:04,ThisTeam
mister_tint,716990305,Dodgers,1056294972998053888,2018-10-27 21:22:01,NewProfilePic
chris_drop,2157684504,Dodgers,1056294971857297408,2018-10-27 21:22:00,worldseries
chris_drop,2157684504,Dodgers,1056294971857297408,2018-10-27 21:22:00,RedSoxVsDodgers
chris_drop,2157684504,Dodgers,1056294971857297408,2018-10-27 21:22:00,RedSox
Ashlyn_Renner,172341908,Dodgers,1056294967390420996,2018-10-27 21:21:59,WorldSeries
wackydiva02,1252627422,Dodgers,1056294963141439488,2018-10-27 21:21:58,WorldSeries
wackydiva02,1252627422,Dodgers,1056294963141439488,2018-10-27 21:21:58,RedSox
wackydiva02,1252627422,Dodgers,1056294963141439488,2018-10-27 21:21:58,Dodgers
seagerszn,917635324901081088,Dodgers,1056294956887760897,2018-10-27 21:21:57,TipoftheCap
debwebs75,934609958922084352,Dodgers,1056294949321408514,2018-10-27 21:21:55,HarryStyles
debwebs75,934609958922084352,Dodgers,1056294949321408514,2018-10-27 21:21:55,Casamigos
Anne_P18,977773884886876161,Dodgers,1056294927792029697,2018-10-27 21:21:50,Dodgers
Anne_P18,977773884886876161,Dodgers,1056294927792029697,2018-10-27 21:21:50,WorldSeries
BillKoch25,1053466514,Dodgers,1056294917960425473,2018-10-27 21:21:48,RedSox
BillKoch25,1053466514,Dodgers,1056294917960425473,2018-10-27 21:21:48,WorldSeries
Angel__Cee,763093656,Dodgers,1056294909131378688,2018-10-27 21:21:46,LADetermined
JackMagruder,17999870,Dodgers,1056294900495343616,2018-10-27 21:21:43,Dodgers
DeathDodgers,3266175608,Dodgers,1056294897425268736,2018-10-27 21:21:43,Dodgers
DeathDodgers,3266175608,Dodgers,1056294897425268736,2018-10-27 21:21:43,LetsGoDodgers
DeathDodgers,3266175608,Dodgers,1056294897425268736,2018-10-27 21:21:43,GoDodgers
DeathDodgers,3266175608,Dodgers,1056294897425268736,2018-10-27 21:21:43,Goblue
DeathDodgers,3266175608,Dodgers,1056294897425268736,2018-10-27 21:21:43,beatdownbeantown
22castrou,3096999978,Dodgers,1056294885194522624,2018-10-27 21:21:40,Dodgers
22castrou,3096999978,Dodgers,1056294885194522624,2018-10-27 21:21:40,LineupFun
22castrou,3096999978,Dodgers,1056294885194522624,2018-10-27 21:21:40,Game4
DaveBismo,833063585328791552,Dodgers,1056294883214979075,2018-10-27 21:21:39,WorldSeries
DaveBismo,833063585328791552,Dodgers,1056294883214979075,2018-10-27 21:21:39,RedSox
DaveBismo,833063585328791552,Dodgers,1056294883214979075,2018-10-27 21:21:39,Dodgers
AntheaKim1,982523931654406144,Dodgers,1056294882954735616,2018-10-27 21:21:39,bts
AntheaKim1,982523931654406144,Dodgers,1056294882954735616,2018-10-27 21:21:39,dodgers
markky_h,1010531651288477696,Dodgers,1056294863015198720,2018-10-27 21:21:35,BallparkCam
onehotcorona,3183270631,Dodgers,1056294860246867968,2018-10-27 21:21:34,Dodgers
jordangel23,204619563,Dodgers,1056294852239929344,2018-10-27 21:21:32,WorldSeries
mikespanj,809125126570528768,Dodgers,1056294831834652672,2018-10-27 21:21:27,LADetermined
ImDanTorres,4252692794,Dodgers,1056294827686592512,2018-10-27 21:21:26,EduardoRodriguez
ImDanTorres,4252692794,Dodgers,1056294827686592512,2018-10-27 21:21:26,Dodgers
ImDanTorres,4252692794,Dodgers,1056294827686592512,2018-10-27 21:21:26,WorldSeries
JFleytaSports,250155515,Dodgers,1056294820321419264,2018-10-27 21:21:24,worldseries
JFleytaSports,250155515,Dodgers,1056294820321419264,2018-10-27 21:21:24,game
JFleytaSports,250155515,Dodgers,1056294820321419264,2018-10-27 21:21:24,victoria
JFleytaSports,250155515,Dodgers,1056294820321419264,2018-10-27 21:21:24,dodgers
JFleytaSports,250155515,Dodgers,1056294820321419264,2018-10-27 21:21:24,juego3
JFleytaSports,250155515,Dodgers,1056294820321419264,2018-10-27 21:21:24,serie
JFleytaSports,250155515,Dodgers,1056294820321419264,2018-10-27 21:21:24,fans
Paul94065442,1033320198831390720,Dodgers,1056294800104849409,2018-10-27 21:21:20,WorldSeries
Paul94065442,1033320198831390720,Dodgers,1056294800104849409,2018-10-27 21:21:20,Dodgers
medranoroberto,153182586,Dodgers,1056294800050114560,2018-10-27 21:21:19,WorldSeries18
medranoroberto,153182586,Dodgers,1056294800050114560,2018-10-27 21:21:19,RedSoxVsDodgers
medranoroberto,153182586,Dodgers,1056294800050114560,2018-10-27 21:21:19,baseball
medranoroberto,153182586,Dodgers,1056294800050114560,2018-10-27 21:21:19,MLB
medranoroberto,153182586,Dodgers,1056294800050114560,2018-10-27 21:21:19,WorldSeries
medranoroberto,153182586,Dodgers,1056294800050114560,2018-10-27 21:21:19,extrainnings
NikkiAcosta86,4502575994,Dodgers,1056294799941091329,2018-10-27 21:21:19,BallparkCam
QueenDuck07,16211349,Dodgers,1056294793817526274,2018-10-27 21:21:18,Dodgers
QueenDuck07,16211349,Dodgers,1056294793817526274,2018-10-27 21:21:18,RedSox
QueenDuck07,16211349,Dodgers,1056294793817526274,2018-10-27 21:21:18,WorldSeries
amanda522,27494415,Dodgers,1056294786930487301,2018-10-27 21:21:16,Dodgers
AnnetteOrr12,4325329402,Dodgers,1056294774645366784,2018-10-27 21:21:13,DoDamage
AnnetteOrr12,4325329402,Dodgers,1056294774645366784,2018-10-27 21:21:13,RedSox
AnnetteOrr12,4325329402,Dodgers,1056294774645366784,2018-10-27 21:21:13,Dodgers
AnnetteOrr12,4325329402,Dodgers,1056294774645366784,2018-10-27 21:21:13,WorldSeries
killasugah,967640807179243520,Dodgers,1056294766177144834,2018-10-27 21:21:11,Dodgers
elizabeth19734,2388339114,Dodgers,1056294765803667456,2018-10-27 21:21:11,TipoftheCap
sarahrachel29,41746218,Dodgers,1056294762737631232,2018-10-27 21:21:11,Dodgers
sarahrachel29,41746218,Dodgers,1056294762737631232,2018-10-27 21:21:11,dmountain
sarahrachel29,41746218,Dodgers,1056294762737631232,2018-10-27 21:21:11,WorldSeries
sarahrachel29,41746218,Dodgers,1056294762737631232,2018-10-27 21:21:11,LADetermined
ColinJacobss,2318306216,Dodgers,1056294758845272065,2018-10-27 21:21:10,LADetermined
WildBillBasebal,901503886036357121,Dodgers,1056294752407117825,2018-10-27 21:21:08,WorldSeries
JesusGtz_0730,760240462057709568,Dodgers,1056294745201209346,2018-10-27 21:21:06,Dodgers
OCRegSports,28429659,Dodgers,1056294742177177600,2018-10-27 21:21:06,Dodgers
OCRegSports,28429659,Dodgers,1056294742177177600,2018-10-27 21:21:06,CaffeineYourFriend
OCRegSports,28429659,Dodgers,1056294742177177600,2018-10-27 21:21:06,WorldSeries
peterjfrank,181650420,Dodgers,1056294737945206784,2018-10-27 21:21:05,MyDaveMellor
BCarlin22,459802045,Dodgers,1056294736519061504,2018-10-27 21:21:04,DodgersWIN
BCarlin22,459802045,Dodgers,1056294736519061504,2018-10-27 21:21:04,Dodgers
DailyMLBLineups,303077468,Dodgers,1056294721205587970,2018-10-27 21:21:01,RedSox
Michael_Rokicki,47493646,Dodgers,1056294721075666944,2018-10-27 21:21:01,Dodgers
Michael_Rokicki,47493646,Dodgers,1056294721075666944,2018-10-27 21:21:01,RedSox
Michael_Rokicki,47493646,Dodgers,1056294721075666944,2018-10-27 21:21:01,WorldSeries
Adan_Torres19,737845537697763328,Dodgers,1056294698581721088,2018-10-27 21:20:55,SerieMundial
AnnahCeee,614827217,Dodgers,1056294694756409344,2018-10-27 21:20:54,Dodgers
OnCuba,541948134,Dodgers,1056294675089408002,2018-10-27 21:20:50,Dodgers
OnCuba,541948134,Dodgers,1056294675089408002,2018-10-27 21:20:50,Beisbol
OnCuba,541948134,Dodgers,1056294675089408002,2018-10-27 21:20:50,EEUU
jimmyanurak,373864432,Dodgers,1056294666784538624,2018-10-27 21:20:48,WorldSeries
MeraMartinez4,2328167887,Dodgers,1056294662418325504,2018-10-27 21:20:47,WorldSeries
karinaflorecita,179560447,Dodgers,1056294660430192640,2018-10-27 21:20:46,worldseries
jordieee08,1002652715061612544,Dodgers,1056294657749962753,2018-10-27 21:20:46,WorldSeries
jordieee08,1002652715061612544,Dodgers,1056294657749962753,2018-10-27 21:20:46,BROCKTOBER
jordieee08,1002652715061612544,Dodgers,1056294657749962753,2018-10-27 21:20:46,DoDamage
wrikent3500,15827727,Dodgers,1056294657028771845,2018-10-27 21:20:45,RedSox
wrikent3500,15827727,Dodgers,1056294657028771845,2018-10-27 21:20:45,Dodgers
ayyejoni,2908831525,Dodgers,1056294650732929025,2018-10-27 21:20:44,BallparkCam
MistaMaxG,3038385427,Dodgers,1056294644969926656,2018-10-27 21:20:43,
MistaMaxG,3038385427,Dodgers,1056294644969926656,2018-10-27 21:20:43,Dodgers
MistaMaxG,3038385427,Dodgers,1056294644969926656,2018-10-27 21:20:43,WorldSeries
MistaMaxG,3038385427,Dodgers,1056294644969926656,2018-10-27 21:20:43,NPB
Cecilia89153361,878761728351375360,Dodgers,1056294635197337600,2018-10-27 21:20:40,dodgers
Cecilia89153361,878761728351375360,Dodgers,1056294635197337600,2018-10-27 21:20:40,bts
michaelsnarky,703335335237816320,Dodgers,1056294634102517765,2018-10-27 21:20:40,WorldSeries
Amy95474055,848329840864276480,Dodgers,1056294625760096256,2018-10-27 21:20:38,worldseries
Amy95474055,848329840864276480,Dodgers,1056294625760096256,2018-10-27 21:20:38,Dodgers
wrikent3500,15827727,Dodgers,1056294622564179968,2018-10-27 21:20:37,Dodgers
EIcP7JE4rS6Su53,1050855360364519424,Dodgers,1056294612984360965,2018-10-27 21:20:35,worldseries
EIcP7JE4rS6Su53,1050855360364519424,Dodgers,1056294612984360965,2018-10-27 21:20:35,MLBPlayoffs
EIcP7JE4rS6Su53,1050855360364519424,Dodgers,1056294612984360965,2018-10-27 21:20:35,dodgersvsredsox
EIcP7JE4rS6Su53,1050855360364519424,Dodgers,1056294612984360965,2018-10-27 21:20:35,DodgersSocial
SIASport,53387130,Dodgers,1056294604515901440,2018-10-27 21:20:33,WorldSeries
SIASport,53387130,Dodgers,1056294604515901440,2018-10-27 21:20:33,Dodgers
SIASport,53387130,Dodgers,1056294604515901440,2018-10-27 21:20:33,RedSox
jennifer_gei,3010771601,Dodgers,1056294603895246848,2018-10-27 21:20:33,Muncy
BaileyLAKings,205938397,Dodgers,1056294598085996544,2018-10-27 21:20:31,Muncy
iiSpaceDuck,3231951218,Dodgers,1056294594965454849,2018-10-27 21:20:31,Dodgers
MeraMartinez4,2328167887,Dodgers,1056294594483081217,2018-10-27 21:20:30,TipoftheCap
Cecilia89153361,878761728351375360,Dodgers,1056294590800650242,2018-10-27 21:20:30,IDOL
Cecilia89153361,878761728351375360,Dodgers,1056294590800650242,2018-10-27 21:20:30,BTS
Cecilia89153361,878761728351375360,Dodgers,1056294590800650242,2018-10-27 21:20:30,Dodgers
TheSuperSavage,1025082764041891842,Dodgers,1056294584572149760,2018-10-27 21:20:28,BallparkCam
joannafredjones,304027284,Dodgers,1056294583800279040,2018-10-27 21:20:28,Game4
joannafredjones,304027284,Dodgers,1056294583800279040,2018-10-27 21:20:28,WorldSeries
joannafredjones,304027284,Dodgers,1056294583800279040,2018-10-27 21:20:28,dodgers
joannafredjones,304027284,Dodgers,1056294583800279040,2018-10-27 21:20:28,California
joannafredjones,304027284,Dodgers,1056294583800279040,2018-10-27 21:20:28,JohnCox
joannafredjones,304027284,Dodgers,1056294583800279040,2018-10-27 21:20:28,NoSocialistNewsom
joannafredjones,304027284,Dodgers,1056294583800279040,2018-10-27 21:20:28,SaveCalifornia
SoCalSunDevil,223635370,Dodgers,1056294582248341504,2018-10-27 21:20:28,WorldSeries
ty_lam97,762907978982825984,Dodgers,1056294578225991680,2018-10-27 21:20:27,Dodgers
nlopdotcom,110534861,Dodgers,1056294575956930560,2018-10-27 21:20:26,Dodgers
nlopdotcom,110534861,Dodgers,1056294575956930560,2018-10-27 21:20:26,BostonRedSox
nlopdotcom,110534861,Dodgers,1056294575956930560,2018-10-27 21:20:26,game4
nlopdotcom,110534861,Dodgers,1056294575956930560,2018-10-27 21:20:26,WorldSeries2018
Up_the_Empire,864406994635116544,Dodgers,1056294572475760644,2018-10-27 21:20:25,HISTORY
Moola_Stacks,375454361,Dodgers,1056294564447899649,2018-10-27 21:20:23,Yankees
Moola_Stacks,375454361,Dodgers,1056294564447899649,2018-10-27 21:20:23,Astros
cchloetrann,1054184105280241665,Dodgers,1056294557577605120,2018-10-27 21:20:22,Dodgers
cchloetrann,1054184105280241665,Dodgers,1056294557577605120,2018-10-27 21:20:22,RedSox
cchloetrann,1054184105280241665,Dodgers,1056294557577605120,2018-10-27 21:20:22,WorldSeries
cfosterworld,41877671,Dodgers,1056294556222709760,2018-10-27 21:20:21,usc
cfosterworld,41877671,Dodgers,1056294556222709760,2018-10-27 21:20:21,Dodgers
cfosterworld,41877671,Dodgers,1056294556222709760,2018-10-27 21:20:21,USCvsASU
cfosterworld,41877671,Dodgers,1056294556222709760,2018-10-27 21:20:21,pac12
cfosterworld,41877671,Dodgers,1056294556222709760,2018-10-27 21:20:21,Trojans
LA_bloKE,36691018,Dodgers,1056294547616018432,2018-10-27 21:20:19,LetsGoDodgers
TBRays2019,2312344626,Dodgers,1056294543610523648,2018-10-27 21:20:18,Dodgers
TBRays2019,2312344626,Dodgers,1056294543610523648,2018-10-27 21:20:18,poorbaseballcard
mattgodelman,785307280141082627,Dodgers,1056294539034574848,2018-10-27 21:20:17,RedSox
Rev_Strikeout,3742315396,Dodgers,1056294531900063745,2018-10-27 21:20:16,SerieMundial
sportingnews,30690661,Dodgers,1056294528322281474,2018-10-27 21:20:15,WorldSeries
L4n0t4,2610618379,Dodgers,1056294509653430278,2018-10-27 21:20:10,Deportes
L4n0t4,2610618379,Dodgers,1056294509653430278,2018-10-27 21:20:10,LaNota
L4n0t4,2610618379,Dodgers,1056294509653430278,2018-10-27 21:20:10,FelizSabado
trb0929,1504882254,Dodgers,1056294505425657857,2018-10-27 21:20:09,WorldSeries
RoChaves_CR,462307177,Dodgers,1056294476556234756,2018-10-27 21:20:02,smESPN
RoChaves_CR,462307177,Dodgers,1056294476556234756,2018-10-27 21:20:02,RedSox
RoChaves_CR,462307177,Dodgers,1056294476556234756,2018-10-27 21:20:02,Dodgers
SuperT27,149593966,Dodgers,1056294473569714176,2018-10-27 21:20:02,MuncyMagic
SuperT27,149593966,Dodgers,1056294473569714176,2018-10-27 21:20:02,HR4HR
will_cena,1033801699,Dodgers,1056294470021304320,2018-10-27 21:20:01,Dodgers
JagelsSean,1042614669146509312,Dodgers,1056294469631389698,2018-10-27 21:20:01,VandyBoys
JagelsSean,1042614669146509312,Dodgers,1056294469631389698,2018-10-27 21:20:01,WorldSeries
jimmyrussell09,2208206378,Dodgers,1056294468788187137,2018-10-27 21:20:01,LADetermined
Operadiva58,22280734,Dodgers,1056294461272195072,2018-10-27 21:19:59,DodgersWIN
Operadiva58,22280734,Dodgers,1056294461272195072,2018-10-27 21:19:59,Dodgers
fakeronwash38,3223740517,Dodgers,1056294453579702272,2018-10-27 21:19:57,WorldSeries
fakeronwash38,3223740517,Dodgers,1056294453579702272,2018-10-27 21:19:57,RedSox
fakeronwash38,3223740517,Dodgers,1056294453579702272,2018-10-27 21:19:57,Dodgers
yvonnecarrasco,102827584,Dodgers,1056294452547874816,2018-10-27 21:19:57,WorldSeries
yvonnecarrasco,102827584,Dodgers,1056294452547874816,2018-10-27 21:19:57,Postseason
we_love__harry,939991482257362944,Dodgers,1056294451319070720,2018-10-27 21:19:56,HarryStyles
we_love__harry,939991482257362944,Dodgers,1056294451319070720,2018-10-27 21:19:56,Casamigos
xopaolaa_2507,1883772474,Dodgers,1056294448177414144,2018-10-27 21:19:56,Dodgers
xopaolaa_2507,1883772474,Dodgers,1056294448177414144,2018-10-27 21:19:56,DodgersWin
Tamay0_,885562241147219968,Dodgers,1056294441290354688,2018-10-27 21:19:54,BallparkCam
Awhhs10,906900985,Dodgers,1056294435762384897,2018-10-27 21:19:53,TipoftheCap
DavidSi81835311,999098931190616064,Dodgers,1056294412609830912,2018-10-27 21:19:47,WorldSeries
RenzolnTheBenzo,1130072108,Dodgers,1056294411158511617,2018-10-27 21:19:47,WorldSeries
BvsedGodDaniel,2630531422,Dodgers,1056294402799239168,2018-10-27 21:19:45,BallparkCam
JimiHendrixNCM,185040121,Dodgers,1056294394997936129,2018-10-27 21:19:43,JimiHendrix
TheRealArcalde,767928223,Dodgers,1056294387313926144,2018-10-27 21:19:41,WorldSeries
ImDanTorres,4252692794,Dodgers,1056294386353520640,2018-10-27 21:19:41,EduardoRodriguez
ImDanTorres,4252692794,Dodgers,1056294386353520640,2018-10-27 21:19:41,Dodgers
ImDanTorres,4252692794,Dodgers,1056294386353520640,2018-10-27 21:19:41,WorldSeries
raider_chucky,940090229184020481,Dodgers,1056294385388843008,2018-10-27 21:19:41,Dodgers
raider_chucky,940090229184020481,Dodgers,1056294385388843008,2018-10-27 21:19:41,LADetermined
MartinGJr,64647969,Dodgers,1056294359413358592,2018-10-27 21:19:34,BallparkCam
_ChachaLinda,48480495,Dodgers,1056294358943780865,2018-10-27 21:19:34,Dodgers
_ChachaLinda,48480495,Dodgers,1056294358943780865,2018-10-27 21:19:34,Game4
_ChachaLinda,48480495,Dodgers,1056294358943780865,2018-10-27 21:19:34,WorldSeries
MikeBeneke,840231012114169856,Dodgers,1056294342153957376,2018-10-27 21:19:30,14thInning
TBRays2019,2312344626,Dodgers,1056294327192899584,2018-10-27 21:19:27,Dodgers
TBRays2019,2312344626,Dodgers,1056294327192899584,2018-10-27 21:19:27,WorldSeries
infiniteerynn,268902767,Dodgers,1056294312344985600,2018-10-27 21:19:23,LADetermined
ponchoman78,2367873391,Dodgers,1056294296544993280,2018-10-27 21:19:19,Dodgers
ponchoman78,2367873391,Dodgers,1056294296544993280,2018-10-27 21:19:19,LineupFun
ponchoman78,2367873391,Dodgers,1056294296544993280,2018-10-27 21:19:19,Game4
irrepressably,787243415708823552,Dodgers,1056294289385373696,2018-10-27 21:19:18,Game4
irrepressably,787243415708823552,Dodgers,1056294289385373696,2018-10-27 21:19:18,WorldSeries
irrepressably,787243415708823552,Dodgers,1056294289385373696,2018-10-27 21:19:18,dodgers
irrepressably,787243415708823552,Dodgers,1056294289385373696,2018-10-27 21:19:18,California
irrepressably,787243415708823552,Dodgers,1056294289385373696,2018-10-27 21:19:18,JohnCox
irrepressably,787243415708823552,Dodgers,1056294289385373696,2018-10-27 21:19:18,NoSocialistNewsom
irrepressably,787243415708823552,Dodgers,1056294289385373696,2018-10-27 21:19:18,SaveCalifornia
nesoxochi,16096507,Dodgers,1056294286751281152,2018-10-27 21:19:17,WorldSeries
Ayoo_Anthony18,512291142,Dodgers,1056294282422702080,2018-10-27 21:19:16,Dodgers
Ayoo_Anthony18,512291142,Dodgers,1056294282422702080,2018-10-27 21:19:16,RedSox
Ayoo_Anthony18,512291142,Dodgers,1056294282422702080,2018-10-27 21:19:16,WorldSeries
Ayoo_Anthony18,512291142,Dodgers,1056294282422702080,2018-10-27 21:19:16,LADetermined
halesdesales,1967597768,Dodgers,1056294251930120192,2018-10-27 21:19:09,TipoftheCap
luiseselmejor,29844469,Dodgers,1056294249828880385,2018-10-27 21:19:08,DodgersvsBoston
luiseselmejor,29844469,Dodgers,1056294249828880385,2018-10-27 21:19:08,dodgers
luiseselmejor,29844469,Dodgers,1056294249828880385,2018-10-27 21:19:08,RedSox
luiseselmejor,29844469,Dodgers,1056294249828880385,2018-10-27 21:19:08,SerieMundial
xochitl_flowers,3325996352,Dodgers,1056294243893895168,2018-10-27 21:19:07,TipoftheCap
BradPai1,995225139410276352,Dodgers,1056294242673483776,2018-10-27 21:19:07,worldseries
BradPai1,995225139410276352,Dodgers,1056294242673483776,2018-10-27 21:19:07,game3
BradPai1,995225139410276352,Dodgers,1056294242673483776,2018-10-27 21:19:07,playball
BradPai1,995225139410276352,Dodgers,1056294242673483776,2018-10-27 21:19:07,nationalanthem
_JenniMartinez_,563555178,Dodgers,1056294230279241729,2018-10-27 21:19:04,Dodgers
boudjjjj,856919897766363136,Dodgers,1056294206262525953,2018-10-27 21:18:58,worldseries
boudjjjj,856919897766363136,Dodgers,1056294206262525953,2018-10-27 21:18:58,worldseries
boudjjjj,856919897766363136,Dodgers,1056294206262525953,2018-10-27 21:18:58,dodgers
Salenlaw,23126903,Dodgers,1056294205503369216,2018-10-27 21:18:58,Dodgers
Salenlaw,23126903,Dodgers,1056294205503369216,2018-10-27 21:18:58,RedSox
Salenlaw,23126903,Dodgers,1056294205503369216,2018-10-27 21:18:58,WorldSeries
Salenlaw,23126903,Dodgers,1056294205503369216,2018-10-27 21:18:58,LADetermined
TahTahTimmah,49720772,Dodgers,1056294200579383297,2018-10-27 21:18:57,WorldSeries
chuyuwi,241619682,Dodgers,1056294192593412097,2018-10-27 21:18:55,WorldSeries
chuyuwi,241619682,Dodgers,1056294192593412097,2018-10-27 21:18:55,RedSox
chuyuwi,241619682,Dodgers,1056294192593412097,2018-10-27 21:18:55,Dodgers
R8DERX075,4716115200,Dodgers,1056294183944634368,2018-10-27 21:18:53,LADETERMINED
R8DERX075,4716115200,Dodgers,1056294183944634368,2018-10-27 21:18:53,WORLDSERIES
98kzla,210201147,Dodgers,1056294179980996608,2018-10-27 21:18:52,RedSox
98kzla,210201147,Dodgers,1056294179980996608,2018-10-27 21:18:52,Dodgers
chonikisses,823305268142501888,Dodgers,1056294163069706240,2018-10-27 21:18:48,Riverdale
chuyuwi,241619682,Dodgers,1056294157059309568,2018-10-27 21:18:46,Dodgers
chuyuwi,241619682,Dodgers,1056294157059309568,2018-10-27 21:18:46,WorldSeries
AndreaFaythe,24382711,Dodgers,1056294156220407808,2018-10-27 21:18:46,RedSox
AndreaFaythe,24382711,Dodgers,1056294156220407808,2018-10-27 21:18:46,Dodgers
g_real30,3014159171,Dodgers,1056294135957614592,2018-10-27 21:18:41,Dodgers
g_real30,3014159171,Dodgers,1056294135957614592,2018-10-27 21:18:41,RedSox
g_real30,3014159171,Dodgers,1056294135957614592,2018-10-27 21:18:41,WorldSeries
g_real30,3014159171,Dodgers,1056294135957614592,2018-10-27 21:18:41,LADetermined
ByCharlieRicker,427017435,Dodgers,1056294129301372930,2018-10-27 21:18:40,Dodgers
ByCharlieRicker,427017435,Dodgers,1056294129301372930,2018-10-27 21:18:40,RedSox
ByCharlieRicker,427017435,Dodgers,1056294129301372930,2018-10-27 21:18:40,WorldSeries
SportsNetLA,2233347469,Dodgers,1056294124591009792,2018-10-27 21:18:38,Dodgers
SportsNetLA,2233347469,Dodgers,1056294124591009792,2018-10-27 21:18:38,CallYourShot
bryandeno,256706465,Dodgers,1056294121604894720,2018-10-27 21:18:38,RedSox
bryandeno,256706465,Dodgers,1056294121604894720,2018-10-27 21:18:38,WorldSeries
IsThatBigD,403968243,Dodgers,1056294120853917696,2018-10-27 21:18:38,WorldSeries
DavidSi81835311,999098931190616064,Dodgers,1056294116869529601,2018-10-27 21:18:37,LADetermined
MartinGJr,64647969,Dodgers,1056294109499944960,2018-10-27 21:18:35,TipoftheCap
1LanceAnderson,5872012,Dodgers,1056294101480497152,2018-10-27 21:18:33,MoreDoubles
1LanceAnderson,5872012,Dodgers,1056294101480497152,2018-10-27 21:18:33,Dodgers
1LanceAnderson,5872012,Dodgers,1056294101480497152,2018-10-27 21:18:33,GoDodgers
1LanceAnderson,5872012,Dodgers,1056294101480497152,2018-10-27 21:18:33,LADetermined
1LanceAnderson,5872012,Dodgers,1056294101480497152,2018-10-27 21:18:33,WorldSeries
JVKing24,247662480,Dodgers,1056294091338612737,2018-10-27 21:18:31,LADetermined
mazapan_dust,28938302,Dodgers,1056294079418400768,2018-10-27 21:18:28,Dodgers
mazapan_dust,28938302,Dodgers,1056294079418400768,2018-10-27 21:18:28,WorldSeries
GameWorks,3262574274,Dodgers,1056294078046826496,2018-10-27 21:18:27,GameWorks
GameWorks,3262574274,Dodgers,1056294078046826496,2018-10-27 21:18:27,GameOn
GameWorks,3262574274,Dodgers,1056294078046826496,2018-10-27 21:18:27,arcade
GameWorks,3262574274,Dodgers,1056294078046826496,2018-10-27 21:18:27,TheWorksKitchen
GameWorks,3262574274,Dodgers,1056294078046826496,2018-10-27 21:18:27,WorldSeries
peterwinther,22534709,Dodgers,1056294073370206209,2018-10-27 21:18:26,Dodgers
peterwinther,22534709,Dodgers,1056294073370206209,2018-10-27 21:18:26,LineupFun
peterwinther,22534709,Dodgers,1056294073370206209,2018-10-27 21:18:26,Game4
KinVerdes,152839086,Dodgers,1056294069255659520,2018-10-27 21:18:25,smESPN
BvsedGodDaniel,2630531422,Dodgers,1056294067263262720,2018-10-27 21:18:25,LADetermined
Yoeliramirez,122710727,Dodgers,1056294050561712128,2018-10-27 21:18:21,SerieMundial
Benoit,4010,Dodgers,1056294049164886016,2018-10-27 21:18:20,Dodgers
Benoit,4010,Dodgers,1056294049164886016,2018-10-27 21:18:20,WorldSeries
4jkilla,48162417,Dodgers,1056294046698749958,2018-10-27 21:18:20,WorldSeries
4jkilla,48162417,Dodgers,1056294046698749958,2018-10-27 21:18:20,RedSox
4jkilla,48162417,Dodgers,1056294046698749958,2018-10-27 21:18:20,Dodgers
donaivan_stahr,2933640214,Dodgers,1056294045385920518,2018-10-27 21:18:20,MIZ
donaivan_stahr,2933640214,Dodgers,1056294045385920518,2018-10-27 21:18:20,Dodgers
donaivan_stahr,2933640214,Dodgers,1056294045385920518,2018-10-27 21:18:20,Blackhawks
donaivan_stahr,2933640214,Dodgers,1056294045385920518,2018-10-27 21:18:20,PittsburghSynagogue
donaivan_stahr,2933640214,Dodgers,1056294045385920518,2018-10-27 21:18:20,Prayers
StanfordClark,16877521,Dodgers,1056294045025153024,2018-10-27 21:18:19,worldseries
StanfordClark,16877521,Dodgers,1056294045025153024,2018-10-27 21:18:19,worldseries
StanfordClark,16877521,Dodgers,1056294045025153024,2018-10-27 21:18:19,dodgers
reyes203215,2337705528,Dodgers,1056294041552281600,2018-10-27 21:18:19,Dodgers
reyes203215,2337705528,Dodgers,1056294041552281600,2018-10-27 21:18:19,WorldSeries
CatholicNewsSvc,17136419,Dodgers,1056294025492381696,2018-10-27 21:18:15,worldseriesgame4
CatholicNewsSvc,17136419,Dodgers,1056294025492381696,2018-10-27 21:18:15,RedSox
CatholicNewsSvc,17136419,Dodgers,1056294025492381696,2018-10-27 21:18:15,Dodgers
BTSYourKings16,929150851519799296,Dodgers,1056294010174799872,2018-10-27 21:18:11,bts
BTSYourKings16,929150851519799296,Dodgers,1056294010174799872,2018-10-27 21:18:11,dodgers
jb11600,4492064820,Dodgers,1056293997889503232,2018-10-27 21:18:08,BallparkCam
IsThatBigD,403968243,Dodgers,1056293995758809088,2018-10-27 21:18:08,BallparkCam
mazapan_dust,28938302,Dodgers,1056293989127618561,2018-10-27 21:18:06,dodgers
mazapan_dust,28938302,Dodgers,1056293989127618561,2018-10-27 21:18:06,worldseries
karintovar_19,318123209,Dodgers,1056293988058185729,2018-10-27 21:18:06,smESPN
karintovar_19,318123209,Dodgers,1056293988058185729,2018-10-27 21:18:06,RedSox
karintovar_19,318123209,Dodgers,1056293988058185729,2018-10-27 21:18:06,Dodgers
PelooWesh,1056293141458939904,Dodgers,1056293979862589440,2018-10-27 21:18:04,multicultural
PelooWesh,1056293141458939904,Dodgers,1056293979862589440,2018-10-27 21:18:04,maga
PelooWesh,1056293141458939904,Dodgers,1056293979862589440,2018-10-27 21:18:04,Roberts
PelooWesh,1056293141458939904,Dodgers,1056293979862589440,2018-10-27 21:18:04,Cora
PelooWesh,1056293141458939904,Dodgers,1056293979862589440,2018-10-27 21:18:04,dodgers
PelooWesh,1056293141458939904,Dodgers,1056293979862589440,2018-10-27 21:18:04,WorldSeries18
PelooWesh,1056293141458939904,Dodgers,1056293979862589440,2018-10-27 21:18:04,RedSox
d_greatestt,456804818,Dodgers,1056293974166724610,2018-10-27 21:18:03,WorldSeries
CeltsBanner18,1593472795,Dodgers,1056293966004523008,2018-10-27 21:18:01,Dodgers
tke240,148748721,Dodgers,1056293958429671424,2018-10-27 21:17:59,Dodgers
SherriSadler8,1045337522845495298,Dodgers,1056293953954332674,2018-10-27 21:17:58,WorldSeries
SherriSadler8,1045337522845495298,Dodgers,1056293953954332674,2018-10-27 21:17:58,Dodgers
enedinuh,760590164896813056,Dodgers,1056293947423637504,2018-10-27 21:17:56,LADetermined
danny_pena22,2516484126,Dodgers,1056293937210580992,2018-10-27 21:17:54,TipoftheCap
kalagnaw,2571494968,Dodgers,1056293935650238464,2018-10-27 21:17:53,DODGERS
HarryS1409,964584359297626112,Dodgers,1056293932555005958,2018-10-27 21:17:53,HarryStyles
HarryS1409,964584359297626112,Dodgers,1056293932555005958,2018-10-27 21:17:53,Casamigos
Turo_741,2480397643,Dodgers,1056293929279049728,2018-10-27 21:17:52,TipoftheCap
RichRoritaQuan,137365636,Dodgers,1056293920567513089,2018-10-27 21:17:50,Dodgers
RichRoritaQuan,137365636,Dodgers,1056293920567513089,2018-10-27 21:17:50,RedSox
RichRoritaQuan,137365636,Dodgers,1056293920567513089,2018-10-27 21:17:50,WorldSeries
RichRoritaQuan,137365636,Dodgers,1056293920567513089,2018-10-27 21:17:50,LADetermined
billlascher,19639044,Dodgers,1056293918663335936,2018-10-27 21:17:49,Muncy
LosParleyFijos,798652930182234112,Dodgers,1056293906747408390,2018-10-27 21:17:47,FreePicks
LosParleyFijos,798652930182234112,Dodgers,1056293906747408390,2018-10-27 21:17:47,SerieMundial
LosParleyFijos,798652930182234112,Dodgers,1056293906747408390,2018-10-27 21:17:47,Dodgers
LosParleyFijos,798652930182234112,Dodgers,1056293906747408390,2018-10-27 21:17:47,MLB
LosParleyFijos,798652930182234112,Dodgers,1056293906747408390,2018-10-27 21:17:47,27Oct
LosParleyFijos,798652930182234112,Dodgers,1056293906747408390,2018-10-27 21:17:47,LosParleyFijos
ZachMayo25,2902871273,Dodgers,1056293892944023554,2018-10-27 21:17:43,LADetermined
ZachMayo25,2902871273,Dodgers,1056293892944023554,2018-10-27 21:17:43,HR4HR
SBRSportsPicks,174346152,Dodgers,1056293862447161344,2018-10-27 21:17:36,Game4
SBRSportsPicks,174346152,Dodgers,1056293862447161344,2018-10-27 21:17:36,WorldSeries
SBRSportsPicks,174346152,Dodgers,1056293862447161344,2018-10-27 21:17:36,Dodgers
SBRSportsPicks,174346152,Dodgers,1056293862447161344,2018-10-27 21:17:36,RedSox
angelzamora_7,1680070609,Dodgers,1056293857917202432,2018-10-27 21:17:35,TipoftheCap
EveeElectric,58391247,Dodgers,1056293839692939264,2018-10-27 21:17:31,Dodgers
maxschwartztv,469885689,Dodgers,1056293837289676800,2018-10-27 21:17:30,LADetermined
_007James_,2214629394,Dodgers,1056293825415692289,2018-10-27 21:17:27,WorldSeries
_007James_,2214629394,Dodgers,1056293825415692289,2018-10-27 21:17:27,RedSox
_007James_,2214629394,Dodgers,1056293825415692289,2018-10-27 21:17:27,Dodgers
mattymarbs21,844416570,Dodgers,1056293824585129984,2018-10-27 21:17:27,BallparkCam
ldkyler,3325015273,Dodgers,1056293822941093891,2018-10-27 21:17:27,Dodgers
ldkyler,3325015273,Dodgers,1056293822941093891,2018-10-27 21:17:27,RedSox
ldkyler,3325015273,Dodgers,1056293822941093891,2018-10-27 21:17:27,WorldSeries
ubitiq,529183834,Dodgers,1056293816054046722,2018-10-27 21:17:25,dancemusic
TankforAyton,327782249,Dodgers,1056293808718123009,2018-10-27 21:17:23,WorldSeries
TankforAyton,327782249,Dodgers,1056293808718123009,2018-10-27 21:17:23,RedSox
TankforAyton,327782249,Dodgers,1056293808718123009,2018-10-27 21:17:23,Dodgers
ahscarletpink,962182119379185665,Dodgers,1056293806398627840,2018-10-27 21:17:23,BallparkCam
DaneCook,20978103,Dodgers,1056293798790094848,2018-10-27 21:17:21,RedSox
DaneCook,20978103,Dodgers,1056293798790094848,2018-10-27 21:17:21,Dodgers
IsThatBigD,403968243,Dodgers,1056293796508401665,2018-10-27 21:17:20,TipoftheCap
Xo_Joeyy,330708448,Dodgers,1056293789885591552,2018-10-27 21:17:19,BallparkCam
medinaleo_,1955414448,Dodgers,1056293788245585920,2018-10-27 21:17:18,Dodgers
medinaleo_,1955414448,Dodgers,1056293788245585920,2018-10-27 21:17:18,LineupFun
medinaleo_,1955414448,Dodgers,1056293788245585920,2018-10-27 21:17:18,Game4
NHLmikey,2954254239,Dodgers,1056293783829204993,2018-10-27 21:17:17,WorldSeries
NHLmikey,2954254239,Dodgers,1056293783829204993,2018-10-27 21:17:17,Dodgers
ThaBlondeGod,4204943305,Dodgers,1056293781887102976,2018-10-27 21:17:17,Dodgers
ThaBlondeGod,4204943305,Dodgers,1056293781887102976,2018-10-27 21:17:17,WorldSeries
TheRealArcalde,767928223,Dodgers,1056293778611261440,2018-10-27 21:17:16,Dodgers
TheRealArcalde,767928223,Dodgers,1056293778611261440,2018-10-27 21:17:16,DodgersWin
Steveprovost7,938469673812873217,Dodgers,1056293776870854658,2018-10-27 21:17:16,TipoftheCap
mmajocelyn,194747001,Dodgers,1056293770558234624,2018-10-27 21:17:14,WorldSeries2018
_CF3_,2693500437,Dodgers,1056293768310050816,2018-10-27 21:17:14,Dodgers
_CF3_,2693500437,Dodgers,1056293768310050816,2018-10-27 21:17:14,RedSox
_CF3_,2693500437,Dodgers,1056293768310050816,2018-10-27 21:17:14,WorldSeries
_CF3_,2693500437,Dodgers,1056293768310050816,2018-10-27 21:17:14,LADetermined
stevenbeydler,1202806400,Dodgers,1056293768142368768,2018-10-27 21:17:13,WorldSeries
SteveStec,2668386090,Dodgers,1056293757618802688,2018-10-27 21:17:11,Dodgers
SteveStec,2668386090,Dodgers,1056293757618802688,2018-10-27 21:17:11,LADetermined
GreekLakersFan,325649474,Dodgers,1056293753680420864,2018-10-27 21:17:10,Dodgers
waldrop9tucker,496470059,Dodgers,1056293752711667712,2018-10-27 21:17:10,WorldSeries
WillAlvarezA,3553093873,Dodgers,1056293742620106753,2018-10-27 21:17:07,RedSox
WillAlvarezA,3553093873,Dodgers,1056293742620106753,2018-10-27 21:17:07,Dodgers
WillAlvarezA,3553093873,Dodgers,1056293742620106753,2018-10-27 21:17:07,LA
Smity_Cent,1582011146,Dodgers,1056293740682215424,2018-10-27 21:17:07,SicEm
Smity_Cent,1582011146,Dodgers,1056293740682215424,2018-10-27 21:17:07,NextLevelBU
lilyfl0wer_,1143811560,Dodgers,1056293738786353152,2018-10-27 21:17:06,Dodgers
lilyfl0wer_,1143811560,Dodgers,1056293738786353152,2018-10-27 21:17:06,RedSox
lilyfl0wer_,1143811560,Dodgers,1056293738786353152,2018-10-27 21:17:06,WorldSeries
lilyfl0wer_,1143811560,Dodgers,1056293738786353152,2018-10-27 21:17:06,LADetermined
RealPJP,122148918,Dodgers,1056293737440063489,2018-10-27 21:17:06,worldseries
RealPJP,122148918,Dodgers,1056293737440063489,2018-10-27 21:17:06,worldseries
RealPJP,122148918,Dodgers,1056293737440063489,2018-10-27 21:17:06,dodgers
Pablomrv,68752380,Dodgers,1056293711649390592,2018-10-27 21:17:00,Dodgers
Pablomrv,68752380,Dodgers,1056293711649390592,2018-10-27 21:17:00,CaffeineYourFriend
Pablomrv,68752380,Dodgers,1056293711649390592,2018-10-27 21:17:00,WorldSeries
exsttacy,739704466643898369,Dodgers,1056293706108530689,2018-10-27 21:16:59,TipoftheCap
mikekimster,314271338,Dodgers,1056293700685295616,2018-10-27 21:16:57,pathetic
Lil_Pablo17,570532114,Dodgers,1056293695375339520,2018-10-27 21:16:56,Dodgers
Lil_Pablo17,570532114,Dodgers,1056293695375339520,2018-10-27 21:16:56,RedSox
Lil_Pablo17,570532114,Dodgers,1056293695375339520,2018-10-27 21:16:56,WorldSeries
Lil_Pablo17,570532114,Dodgers,1056293695375339520,2018-10-27 21:16:56,LADetermined
Frenchyrock,100081039,Dodgers,1056293688144420864,2018-10-27 21:16:54,nervios
TimJone06682197,1007244596668256256,Dodgers,1056293685611192320,2018-10-27 21:16:54,Dodgers
TimJone06682197,1007244596668256256,Dodgers,1056293685611192320,2018-10-27 21:16:54,Qanon
AleMorales188,268366935,Dodgers,1056293680452132864,2018-10-27 21:16:53,Dodgers
AleMorales188,268366935,Dodgers,1056293680452132864,2018-10-27 21:16:53,WorldSeries
RlTucker_23,846364091300110336,Dodgers,1056293667818790912,2018-10-27 21:16:50,WorldSeries
RlTucker_23,846364091300110336,Dodgers,1056293667818790912,2018-10-27 21:16:50,LADetermined
RlTucker_23,846364091300110336,Dodgers,1056293667818790912,2018-10-27 21:16:50,GoBlue
RlTucker_23,846364091300110336,Dodgers,1056293667818790912,2018-10-27 21:16:50,Dodgers
RlTucker_23,846364091300110336,Dodgers,1056293667818790912,2018-10-27 21:16:50,DodgersvsBoston
mel_b_1966,776775666666573825,Dodgers,1056293664614281217,2018-10-27 21:16:49,worldseries
mel_b_1966,776775666666573825,Dodgers,1056293664614281217,2018-10-27 21:16:49,worldseries
mel_b_1966,776775666666573825,Dodgers,1056293664614281217,2018-10-27 21:16:49,dodgers
Rlp1660Rick,785333508755460096,Dodgers,1056293657156947970,2018-10-27 21:16:47,Game4
Rlp1660Rick,785333508755460096,Dodgers,1056293657156947970,2018-10-27 21:16:47,WorldSeries
Rlp1660Rick,785333508755460096,Dodgers,1056293657156947970,2018-10-27 21:16:47,dodgers
Rlp1660Rick,785333508755460096,Dodgers,1056293657156947970,2018-10-27 21:16:47,California
Rlp1660Rick,785333508755460096,Dodgers,1056293657156947970,2018-10-27 21:16:47,JohnCox
Rlp1660Rick,785333508755460096,Dodgers,1056293657156947970,2018-10-27 21:16:47,NoSocialistNewsom
Rlp1660Rick,785333508755460096,Dodgers,1056293657156947970,2018-10-27 21:16:47,SaveCalifornia
DarinSCampbell,30175166,Dodgers,1056293644464988160,2018-10-27 21:16:44,Dodgers
T_willey,183756968,Dodgers,1056293639398150144,2018-10-27 21:16:43,Dodgers
T_willey,183756968,Dodgers,1056293639398150144,2018-10-27 21:16:43,LineupFun
T_willey,183756968,Dodgers,1056293639398150144,2018-10-27 21:16:43,Game4
RobSoltero,3365381660,Dodgers,1056293630103748615,2018-10-27 21:16:41,Dodgers
RobSoltero,3365381660,Dodgers,1056293630103748615,2018-10-27 21:16:41,RedSox
KinVerdes,152839086,Dodgers,1056293625020145664,2018-10-27 21:16:39,smESPN
KinVerdes,152839086,Dodgers,1056293625020145664,2018-10-27 21:16:39,RedSox
KinVerdes,152839086,Dodgers,1056293625020145664,2018-10-27 21:16:39,Dodgers
lrzjmnz,979021868018495490,Dodgers,1056293611464081408,2018-10-27 21:16:36,TipoftheCap
WildBillBasebal,901503886036357121,Dodgers,1056293608737787904,2018-10-27 21:16:35,DodgersWIN
WildBillBasebal,901503886036357121,Dodgers,1056293608737787904,2018-10-27 21:16:35,Dodgers
markky_h,1010531651288477696,Dodgers,1056293603276926977,2018-10-27 21:16:34,Dodgers
undynnable,257023864,Dodgers,1056293600357625856,2018-10-27 21:16:33,TipoftheCap
Patronzote,865917015269056512,Dodgers,1056293599728398336,2018-10-27 21:16:33,Dodgers
directornss,218576003,Dodgers,1056293590987489280,2018-10-27 21:16:31,Juego3
directornss,218576003,Dodgers,1056293590987489280,2018-10-27 21:16:31,SerieMundial
gomezdr,49264922,Dodgers,1056293574877343744,2018-10-27 21:16:27,Dodgers
thisisloso,79545779,Dodgers,1056293566815715328,2018-10-27 21:16:25,Dodgers
thisisloso,79545779,Dodgers,1056293566815715328,2018-10-27 21:16:25,WorldSeries
TheRealJanel,382630039,Dodgers,1056293562231521285,2018-10-27 21:16:24,Game4
TheRealJanel,382630039,Dodgers,1056293562231521285,2018-10-27 21:16:24,WorldSeries
TheRealJanel,382630039,Dodgers,1056293562231521285,2018-10-27 21:16:24,dodgers
TheRealJanel,382630039,Dodgers,1056293562231521285,2018-10-27 21:16:24,California
TheRealJanel,382630039,Dodgers,1056293562231521285,2018-10-27 21:16:24,JohnCox
TheRealJanel,382630039,Dodgers,1056293562231521285,2018-10-27 21:16:24,NoSocialistNewsom
TheRealJanel,382630039,Dodgers,1056293562231521285,2018-10-27 21:16:24,SaveCalifornia
radiercn_C11,875482671488618496,Dodgers,1056293553826074624,2018-10-27 21:16:22,SerieMundial
lovetolearnrun,4716343580,Dodgers,1056293538319622144,2018-10-27 21:16:19,DodgerStadium
lovetolearnrun,4716343580,Dodgers,1056293538319622144,2018-10-27 21:16:19,Dodgers
lovetolearnrun,4716343580,Dodgers,1056293538319622144,2018-10-27 21:16:19,Dodgers
LttleGel,10973142,Dodgers,1056293537459900416,2018-10-27 21:16:18,Dodgers
BriannaDelilah,214675200,Dodgers,1056293527397687296,2018-10-27 21:16:16,Dodgers
BriannaDelilah,214675200,Dodgers,1056293527397687296,2018-10-27 21:16:16,RedSox
BriannaDelilah,214675200,Dodgers,1056293527397687296,2018-10-27 21:16:16,WorldSeries
BriannaDelilah,214675200,Dodgers,1056293527397687296,2018-10-27 21:16:16,LADetermined
jucamuva,116078341,Dodgers,1056293521324310528,2018-10-27 21:16:15,TipoftheCap
whitesox061705,4650495737,Dodgers,1056293515985108998,2018-10-27 21:16:13,Dodgers
romechowder,753720589,Dodgers,1056293515242565632,2018-10-27 21:16:13,Dodgers
Trags,22309353,Dodgers,1056293500575072256,2018-10-27 21:16:10,Dodgers
Trags,22309353,Dodgers,1056293500575072256,2018-10-27 21:16:10,WorldSeries
bryanpuccinelli,25395314,Dodgers,1056293499845324801,2018-10-27 21:16:10,BeatLA
chivamayor66,400956157,Dodgers,1056293494518677504,2018-10-27 21:16:08,letsdothis
chivamayor66,400956157,Dodgers,1056293494518677504,2018-10-27 21:16:08,LetsGoDodgers
chivamayor66,400956157,Dodgers,1056293494518677504,2018-10-27 21:16:08,letseventheseries
chivamayor66,400956157,Dodgers,1056293494518677504,2018-10-27 21:16:08,wecandoit
chivamayor66,400956157,Dodgers,1056293494518677504,2018-10-27 21:16:08,sisepuede
chivamayor66,400956157,Dodgers,1056293494518677504,2018-10-27 21:16:08,dodgers
chivamayor66,400956157,Dodgers,1056293494518677504,2018-10-27 21:16:08,LADodgers
tracygreen,169005494,Dodgers,1056293491871907840,2018-10-27 21:16:08,Game4
Lebrot23,1001305958688079874,Dodgers,1056293488017530887,2018-10-27 21:16:07,Dodgers
Jonatha32656850,2176927688,Dodgers,1056293479066689536,2018-10-27 21:16:05,Dodgers
AndrewChristo_,4711002193,Dodgers,1056293460624330752,2018-10-27 21:16:00,BallparkCam
PapaZuni,1143913927,Dodgers,1056293452407656450,2018-10-27 21:15:58,LADetermined
MrAnnuities,2919374310,Dodgers,1056293445096992768,2018-10-27 21:15:56,DodgerStadium
MrAnnuities,2919374310,Dodgers,1056293445096992768,2018-10-27 21:15:56,Dodgers
MrAnnuities,2919374310,Dodgers,1056293445096992768,2018-10-27 21:15:56,RedSox
Jeano723,3222313120,Dodgers,1056293445042499584,2018-10-27 21:15:56,TipoftheCap
klug_patrick,2678610218,Dodgers,1056293428907200514,2018-10-27 21:15:53,WorldSeries
SlitSplitter,188595067,Dodgers,1056293421135093761,2018-10-27 21:15:51,Dodgers
213Karlos,1031654242753421313,Dodgers,1056293418056462336,2018-10-27 21:15:50,Dodgers
213Karlos,1031654242753421313,Dodgers,1056293418056462336,2018-10-27 21:15:50,RedSox
213Karlos,1031654242753421313,Dodgers,1056293418056462336,2018-10-27 21:15:50,WorldSeries
213Karlos,1031654242753421313,Dodgers,1056293418056462336,2018-10-27 21:15:50,LADetermined
BerryLovesMe,2740108543,Dodgers,1056293415837548544,2018-10-27 21:15:49,ILoveLA
BerryLovesMe,2740108543,Dodgers,1056293415837548544,2018-10-27 21:15:49,FightOn
BerryLovesMe,2740108543,Dodgers,1056293415837548544,2018-10-27 21:15:49,Dodgers
BerryLovesMe,2740108543,Dodgers,1056293415837548544,2018-10-27 21:15:49,BOSvsLAD
BerryLovesMe,2740108543,Dodgers,1056293415837548544,2018-10-27 21:15:49,BrunoMars
KatzSbk94,757509738,Dodgers,1056293410544345088,2018-10-27 21:15:48,WorldSeries
exsttacy,739704466643898369,Dodgers,1056293401526644736,2018-10-27 21:15:46,Dodgers
exsttacy,739704466643898369,Dodgers,1056293401526644736,2018-10-27 21:15:46,WorldSeries
Austin_laf28,1069329876,Dodgers,1056293400658493447,2018-10-27 21:15:46,WorldSeries
TalkinToU,37725640,Dodgers,1056293399492354048,2018-10-27 21:15:46,WorldSeries
DwnyTrojan85,182045100,Dodgers,1056293391095365633,2018-10-27 21:15:44,Dodgers
campbellyamane,242101381,Dodgers,1056293388633296896,2018-10-27 21:15:43,WorldSeries
samy45,30595199,Dodgers,1056293385538076674,2018-10-27 21:15:42,Dodgers
Arcangelreyes10,991165911448014849,Dodgers,1056293384757829632,2018-10-27 21:15:42,Game4
ryankramer1106,772931378094698498,Dodgers,1056293382438486016,2018-10-27 21:15:42,WorldSeries
HSara1975,812176014935588864,Dodgers,1056293379573596160,2018-10-27 21:15:41,Game4
HSara1975,812176014935588864,Dodgers,1056293379573596160,2018-10-27 21:15:41,WorldSeries
HSara1975,812176014935588864,Dodgers,1056293379573596160,2018-10-27 21:15:41,dodgers
HSara1975,812176014935588864,Dodgers,1056293379573596160,2018-10-27 21:15:41,California
HSara1975,812176014935588864,Dodgers,1056293379573596160,2018-10-27 21:15:41,JohnCox
HSara1975,812176014935588864,Dodgers,1056293379573596160,2018-10-27 21:15:41,NoSocialistNewsom
HSara1975,812176014935588864,Dodgers,1056293379573596160,2018-10-27 21:15:41,SaveCalifornia
steve_covin,3169135925,Dodgers,1056293377849749504,2018-10-27 21:15:40,Gododgers
LaDaisnd,745051090647814144,Dodgers,1056293376545431552,2018-10-27 21:15:40,IDOL
MichaelH136,1036397550,Dodgers,1056293372057419776,2018-10-27 21:15:39,Dodgers
ErbigToys,129566491,Dodgers,1056293371600232448,2018-10-27 21:15:39,Dodgers
ErbigToys,129566491,Dodgers,1056293371600232448,2018-10-27 21:15:39,Webelieve
ErbigToys,129566491,Dodgers,1056293371600232448,2018-10-27 21:15:39,Bleedblue
ErbigToys,129566491,Dodgers,1056293371600232448,2018-10-27 21:15:39,LosAngeles
ErbigToys,129566491,Dodgers,1056293371600232448,2018-10-27 21:15:39,LA
ErbigToys,129566491,Dodgers,1056293371600232448,2018-10-27 21:15:39,ericgagne
ErbigToys,129566491,Dodgers,1056293371600232448,2018-10-27 21:15:39,toyphotography
ErbigToys,129566491,Dodgers,1056293371600232448,2018-10-27 21:15:39,toypops3
ErbigToys,129566491,Dodgers,1056293371600232448,2018-10-27 21:15:39,mcfarlanetoys
ErbigToys,129566491,Dodgers,1056293371600232448,2018-10-27 21:15:39,baseball
ErbigToys,129566491,Dodgers,1056293371600232448,2018-10-27 21:15:39,mlb
RobertMSainz,2665819611,Dodgers,1056293369201213441,2018-10-27 21:15:38,WorldSeries
i_slav_kandyba,1055616820663570434,Dodgers,1056293350901395456,2018-10-27 21:15:34,LADetermined
rosalesarmando2,3228202075,Dodgers,1056293347990687745,2018-10-27 21:15:33,GBR
bigdogalex13,3783046692,Dodgers,1056293344756719621,2018-10-27 21:15:33,WorldSeries
4MikeyWilliams,280675273,Dodgers,1056293343863263232,2018-10-27 21:15:32,worldseries
pedrocantue,94000473,Dodgers,1056293333461422080,2018-10-27 21:15:30,SerieMundial
sintaatuatasi,708497603885858816,Dodgers,1056293318898925569,2018-10-27 21:15:26,DodgersWIN
sintaatuatasi,708497603885858816,Dodgers,1056293318898925569,2018-10-27 21:15:26,Dodgers
socalsel,46652822,Dodgers,1056293307884568576,2018-10-27 21:15:24,Dodgers
socalsel,46652822,Dodgers,1056293307884568576,2018-10-27 21:15:24,RedSox
socalsel,46652822,Dodgers,1056293307884568576,2018-10-27 21:15:24,WorldSeries
socalsel,46652822,Dodgers,1056293307884568576,2018-10-27 21:15:24,LADetermined
buzzbaker,36747734,Dodgers,1056293284484706304,2018-10-27 21:15:18,Dodgers
bboygraphix,17831059,Dodgers,1056293261814439936,2018-10-27 21:15:13,worldseries
bboygraphix,17831059,Dodgers,1056293261814439936,2018-10-27 21:15:13,Dodgers
randy_ware1,3349236239,Dodgers,1056293254159912960,2018-10-27 21:15:11,Mafia
randy_ware1,3349236239,Dodgers,1056293254159912960,2018-10-27 21:15:11,Mafia
randy_ware1,3349236239,Dodgers,1056293254159912960,2018-10-27 21:15:11,UmpsSuck
randy_ware1,3349236239,Dodgers,1056293254159912960,2018-10-27 21:15:11,MafiaFixWorldSeries
SpookyArds,465093913,Dodgers,1056293249768255488,2018-10-27 21:15:10,WorldSeries
benjamin949,172091609,Dodgers,1056293244571545600,2018-10-27 21:15:09,dodgers
AXTEL,19607493,Dodgers,1056293237764341760,2018-10-27 21:15:07,AxtelTV
Saucedo__Carlos,2547282546,Dodgers,1056293230923341824,2018-10-27 21:15:05,TipoftheCap
BrizzyBreeze24,144440764,Dodgers,1056293230227021824,2018-10-27 21:15:05,14thInning
hjbriggsy,179103282,Dodgers,1056293229958754311,2018-10-27 21:15:05,WorldSeries
hjbriggsy,179103282,Dodgers,1056293229958754311,2018-10-27 21:15:05,dodgers
hjbriggsy,179103282,Dodgers,1056293229958754311,2018-10-27 21:15:05,LADetermined
fancaster,211878633,Dodgers,1056293229354725376,2018-10-27 21:15:05,Dodgers
mclovin_diaz,840703287401811968,Dodgers,1056293228654329857,2018-10-27 21:15:05,LADetermined
mclovin_diaz,840703287401811968,Dodgers,1056293220072734720,2018-10-27 21:15:03,WorldSeries
KOKKOZAMBRANO,154734888,Dodgers,1056293208672649217,2018-10-27 21:15:00,LADetermined
KOKKOZAMBRANO,154734888,Dodgers,1056293208672649217,2018-10-27 21:15:00,Dodgers
KOKKOZAMBRANO,154734888,Dodgers,1056293208672649217,2018-10-27 21:15:00,WorldSeries
exsttacy,739704466643898369,Dodgers,1056293196295094272,2018-10-27 21:14:57,Dodgers
exsttacy,739704466643898369,Dodgers,1056293196295094272,2018-10-27 21:14:57,LineupFun
exsttacy,739704466643898369,Dodgers,1056293196295094272,2018-10-27 21:14:57,Game4
SalmaServin,812041769307152385,Dodgers,1056293195150049280,2018-10-27 21:14:57,TipoftheCap
CLIVE182,87667270,Dodgers,1056293191249362945,2018-10-27 21:14:56,WorldSeries
PapaZuni,1143913927,Dodgers,1056293188166541313,2018-10-27 21:14:55,TipoftheCap
wiser76,44531489,Dodgers,1056293184311947264,2018-10-27 21:14:54,Dodgers
wiser76,44531489,Dodgers,1056293184311947264,2018-10-27 21:14:54,RedSox
wiser76,44531489,Dodgers,1056293184311947264,2018-10-27 21:14:54,WorldSeries
wiser76,44531489,Dodgers,1056293184311947264,2018-10-27 21:14:54,LADetermined
jlunamd,1033240118,Dodgers,1056293181866815488,2018-10-27 21:14:54,LADetermined
jlunamd,1033240118,Dodgers,1056293181866815488,2018-10-27 21:14:54,Dodgers
Audeezy_,431128468,Dodgers,1056293168658833409,2018-10-27 21:14:51,Dodgers
Audeezy_,431128468,Dodgers,1056293168658833409,2018-10-27 21:14:51,WorldSeries
MMetevierMusic,720288769086128128,Dodgers,1056293161054552064,2018-10-27 21:14:49,WorldSeries
MMetevierMusic,720288769086128128,Dodgers,1056293161054552064,2018-10-27 21:14:49,Redsox
MMetevierMusic,720288769086128128,Dodgers,1056293161054552064,2018-10-27 21:14:49,MLB
miss_edna27,48038318,Dodgers,1056293149994246144,2018-10-27 21:14:46,Dodgers
miss_edna27,48038318,Dodgers,1056293149994246144,2018-10-27 21:14:46,RedSox
miss_edna27,48038318,Dodgers,1056293149994246144,2018-10-27 21:14:46,WorldSeries
miss_edna27,48038318,Dodgers,1056293149994246144,2018-10-27 21:14:46,LADetermined
Lynn10564895,899012620790923264,Dodgers,1056293145040863237,2018-10-27 21:14:45,Game4
Lynn10564895,899012620790923264,Dodgers,1056293145040863237,2018-10-27 21:14:45,WorldSeries
Lynn10564895,899012620790923264,Dodgers,1056293145040863237,2018-10-27 21:14:45,dodgers
Lynn10564895,899012620790923264,Dodgers,1056293145040863237,2018-10-27 21:14:45,California
Lynn10564895,899012620790923264,Dodgers,1056293145040863237,2018-10-27 21:14:45,JohnCox
Lynn10564895,899012620790923264,Dodgers,1056293145040863237,2018-10-27 21:14:45,NoSocialistNewsom
Lynn10564895,899012620790923264,Dodgers,1056293145040863237,2018-10-27 21:14:45,SaveCalifornia
futdeestafa,596572014,Dodgers,1056293143136546816,2018-10-27 21:14:44,Cronometro
futdeestafa,596572014,Dodgers,1056293143136546816,2018-10-27 21:14:44,FIRMADO
futdeestafa,596572014,Dodgers,1056293143136546816,2018-10-27 21:14:44,smESPN
futdeestafa,596572014,Dodgers,1056293143136546816,2018-10-27 21:14:44,DoDamage
eco_erick562,851511320511893505,Dodgers,1056293121271652352,2018-10-27 21:14:39,LADetermined
PhotoAmy33,153133366,Dodgers,1056293120399171585,2018-10-27 21:14:39,WorldSeries
Jacobsmom217,308609216,Dodgers,1056293118968979456,2018-10-27 21:14:39,Dodgers
Jacobsmom217,308609216,Dodgers,1056293118968979456,2018-10-27 21:14:39,RedSox
Jacobsmom217,308609216,Dodgers,1056293118968979456,2018-10-27 21:14:39,WorldSeries
Jacobsmom217,308609216,Dodgers,1056293118968979456,2018-10-27 21:14:39,LADetermined
alielaaaa,982855878310150145,Dodgers,1056293113134600192,2018-10-27 21:14:37,Dodgers
alielaaaa,982855878310150145,Dodgers,1056293113134600192,2018-10-27 21:14:37,RedSox
alielaaaa,982855878310150145,Dodgers,1056293113134600192,2018-10-27 21:14:37,WorldSeries
alielaaaa,982855878310150145,Dodgers,1056293113134600192,2018-10-27 21:14:37,LADetermined
SoCal1956,915829142,Dodgers,1056293111108784129,2018-10-27 21:14:37,Dodgers
pnoga1,2291471563,Dodgers,1056293096751857664,2018-10-27 21:14:33,dodgersvsredsox
Jaime__805,716072147169312768,Dodgers,1056293078112206848,2018-10-27 21:14:29,Dodgers
Jaime__805,716072147169312768,Dodgers,1056293078112206848,2018-10-27 21:14:29,RedSox
Jaime__805,716072147169312768,Dodgers,1056293078112206848,2018-10-27 21:14:29,WorldSeries
exsttacy,739704466643898369,Dodgers,1056293070264721408,2018-10-27 21:14:27,Dodgers
exsttacy,739704466643898369,Dodgers,1056293070264721408,2018-10-27 21:14:27,RedSox
JT_RedSoxNation,4346838083,Dodgers,1056293063323193344,2018-10-27 21:14:25,WorldSeries
JT_RedSoxNation,4346838083,Dodgers,1056293063323193344,2018-10-27 21:14:25,RedSox
JT_RedSoxNation,4346838083,Dodgers,1056293063323193344,2018-10-27 21:14:25,Dodgers
exsttacy,739704466643898369,Dodgers,1056293056503209984,2018-10-27 21:14:24,Dodgers
exsttacy,739704466643898369,Dodgers,1056293056503209984,2018-10-27 21:14:24,Game4
exsttacy,739704466643898369,Dodgers,1056293056503209984,2018-10-27 21:14:24,WorldSeries
DodgerBlue_Aden,275241793,Dodgers,1056293054259347463,2018-10-27 21:14:23,Dodgers
wonkawilly1971,798773391771635713,Dodgers,1056293049062453248,2018-10-27 21:14:22,dodgers
sergalici0us,1337367210,Dodgers,1056293039541379073,2018-10-27 21:14:20,Dodgers
sergalici0us,1337367210,Dodgers,1056293039541379073,2018-10-27 21:14:20,LineupFun
sergalici0us,1337367210,Dodgers,1056293039541379073,2018-10-27 21:14:20,Game4
IanBurgess13,436641748,Dodgers,1056293036626468864,2018-10-27 21:14:19,WorldSeries
IanBurgess13,436641748,Dodgers,1056293036626468864,2018-10-27 21:14:19,RedSox
IanBurgess13,436641748,Dodgers,1056293036626468864,2018-10-27 21:14:19,Dodgers
mrnbafan24,2954557249,Dodgers,1056293034013257728,2018-10-27 21:14:18,Dodgers
mrnbafan24,2954557249,Dodgers,1056293034013257728,2018-10-27 21:14:18,LineupFun
mrnbafan24,2954557249,Dodgers,1056293034013257728,2018-10-27 21:14:18,Game4
BrianBankz,849069404293931010,Dodgers,1056293026660642816,2018-10-27 21:14:17,baseball
ArashMarkazi,17617227,Dodgers,1056293024513179648,2018-10-27 21:14:16,WorldSeries
ArashMarkazi,17617227,Dodgers,1056293024513179648,2018-10-27 21:14:16,Dodgers
Spreadapedia,381959968,Dodgers,1056293019983302656,2018-10-27 21:14:15,Dodgers
aG_Cronoss,2898590735,Dodgers,1056293012400230400,2018-10-27 21:14:13,WorldSeries
nebulajo,2267670910,Dodgers,1056293006754512896,2018-10-27 21:14:12,Dodgers
Lebrot23,1001305958688079874,Dodgers,1056293005026570241,2018-10-27 21:14:12,Dodgers
Lebrot23,1001305958688079874,Dodgers,1056293005026570241,2018-10-27 21:14:12,CaffeineYourFriend
Lebrot23,1001305958688079874,Dodgers,1056293005026570241,2018-10-27 21:14:12,WorldSeries
MelissasProduce,23593051,Dodgers,1056292995966746624,2018-10-27 21:14:09,WorldSeries
MelissasProduce,23593051,Dodgers,1056292995966746624,2018-10-27 21:14:09,Dodgers
MelissasProduce,23593051,Dodgers,1056292995966746624,2018-10-27 21:14:09,Redsox
MelissasProduce,23593051,Dodgers,1056292995966746624,2018-10-27 21:14:09,LADetermined
MelissasProduce,23593051,Dodgers,1056292995966746624,2018-10-27 21:14:09,DodgerStadium
MelissasProduce,23593051,Dodgers,1056292995966746624,2018-10-27 21:14:09,HealthyOptions
thewhoms,2205748633,Dodgers,1056292993055903744,2018-10-27 21:14:09,WorldSeries
exsttacy,739704466643898369,Dodgers,1056292983694254080,2018-10-27 21:14:06,Dodgers
exsttacy,739704466643898369,Dodgers,1056292983694254080,2018-10-27 21:14:06,WorldSeries
JDeVenuti,467804724,Dodgers,1056292975138009088,2018-10-27 21:14:04,Dodgers
JDeVenuti,467804724,Dodgers,1056292975138009088,2018-10-27 21:14:04,WorldSeries
AZ5873,610335340,Dodgers,1056292958796898304,2018-10-27 21:14:01,Dodgers
AZ5873,610335340,Dodgers,1056292958796898304,2018-10-27 21:14:01,RedSox
AZ5873,610335340,Dodgers,1056292958796898304,2018-10-27 21:14:01,WorldSeries
AZ5873,610335340,Dodgers,1056292958796898304,2018-10-27 21:14:01,LADetermined
allonAustin,1151461375,Dodgers,1056292950425194496,2018-10-27 21:13:59,Dodgers
allonAustin,1151461375,Dodgers,1056292950425194496,2018-10-27 21:13:59,LineupFun
allonAustin,1151461375,Dodgers,1056292950425194496,2018-10-27 21:13:59,Game4
miss_edna27,48038318,Dodgers,1056292919684911104,2018-10-27 21:13:51,ThisTeam
miss_edna27,48038318,Dodgers,1056292919684911104,2018-10-27 21:13:51,LA
miss_edna27,48038318,Dodgers,1056292919684911104,2018-10-27 21:13:51,WorldSeries
AngelGustavoEs5,1055829944369012736,Dodgers,1056292918334435328,2018-10-27 21:13:51,Dodgers
AngelGustavoEs5,1055829944369012736,Dodgers,1056292918334435328,2018-10-27 21:13:51,RedSox
Arcangelreyes10,991165911448014849,Dodgers,1056292917596176384,2018-10-27 21:13:51,Muncy
JDM_asf23,974051867050192898,Dodgers,1056292917181001728,2018-10-27 21:13:51,DirtyWater
exsttacy,739704466643898369,Dodgers,1056292913192198144,2018-10-27 21:13:50,Dodgers
MRS_STEVE_PERRY,4471575335,Dodgers,1056292904078110721,2018-10-27 21:13:47,WorldSeries
djnikousa,31057390,Dodgers,1056292903922884610,2018-10-27 21:13:47,AGOURA
patriotpedaler,2253812628,Dodgers,1056292903654440964,2018-10-27 21:13:47,CelebrityDreams
patriotpedaler,2253812628,Dodgers,1056292903654440964,2018-10-27 21:13:47,LADetermined
exsttacy,739704466643898369,Dodgers,1056292902857433089,2018-10-27 21:13:47,Dodgers
exsttacy,739704466643898369,Dodgers,1056292902857433089,2018-10-27 21:13:47,RedSox
exsttacy,739704466643898369,Dodgers,1056292902857433089,2018-10-27 21:13:47,WorldSeries
exsttacy,739704466643898369,Dodgers,1056292902857433089,2018-10-27 21:13:47,LADetermined
bbgrafics,190166067,Dodgers,1056292895613952000,2018-10-27 21:13:45,WorldSeries
mariaprince0911,720298520389881864,Dodgers,1056292893302829056,2018-10-27 21:13:45,WorldSeries
exsttacy,739704466643898369,Dodgers,1056292891289505792,2018-10-27 21:13:44,Dodgers
exsttacy,739704466643898369,Dodgers,1056292891289505792,2018-10-27 21:13:44,CaffeineYourFriend
exsttacy,739704466643898369,Dodgers,1056292891289505792,2018-10-27 21:13:44,WorldSeries
liveonlyforJBHS,47045756,Dodgers,1056292891193012224,2018-10-27 21:13:44,LADetermined
jweatherby76,2434786596,Dodgers,1056292873555955712,2018-10-27 21:13:40,Goat
LAPDZBorquez,1276611187,Dodgers,1056292866656366592,2018-10-27 21:13:39,lapd
LAPDZBorquez,1276611187,Dodgers,1056292866656366592,2018-10-27 21:13:39,dodgers
RissyExtreme,951062198,Dodgers,1056292866035613696,2018-10-27 21:13:38,WorldSeries
krystiina_,759513772943822849,Dodgers,1056292865679081472,2018-10-27 21:13:38,WorldSeries
PochoSanchezMtz,162806511,Dodgers,1056292855365304320,2018-10-27 21:13:36,Dodgers
PochoSanchezMtz,162806511,Dodgers,1056292855365304320,2018-10-27 21:13:36,WorldSeries
leviluna21,40038836,Dodgers,1056292851380862976,2018-10-27 21:13:35,Dodgers
maxschwartztv,469885689,Dodgers,1056292849090588672,2018-10-27 21:13:34,Dodgers
maxschwartztv,469885689,Dodgers,1056292849090588672,2018-10-27 21:13:34,RedSox
maxschwartztv,469885689,Dodgers,1056292849090588672,2018-10-27 21:13:34,WorldSeries
maxschwartztv,469885689,Dodgers,1056292849090588672,2018-10-27 21:13:34,LADetermined
maharba_zeravla,731452196798136320,Dodgers,1056292836201517056,2018-10-27 21:13:31,TipoftheCap
MikedupRadiocom,167547518,Dodgers,1056292835903729665,2018-10-27 21:13:31,Dodgers
MikedupRadiocom,167547518,Dodgers,1056292835903729665,2018-10-27 21:13:31,WorldSeries
CescSanchez21,397650890,Dodgers,1056292819902578690,2018-10-27 21:13:27,Dodgers
CescSanchez21,397650890,Dodgers,1056292819902578690,2018-10-27 21:13:27,RedSox
TalkNats2,3433301056,Dodgers,1056292811480412160,2018-10-27 21:13:25,WorldSeries
TalkNats2,3433301056,Dodgers,1056292811480412160,2018-10-27 21:13:25,RedSox
TalkNats2,3433301056,Dodgers,1056292811480412160,2018-10-27 21:13:25,Dodgers
TalkNats2,3433301056,Dodgers,1056292811480412160,2018-10-27 21:13:25,DoDamage
R3Thorns,3196909639,Dodgers,1056292807831281664,2018-10-27 21:13:25,Game4
R3Thorns,3196909639,Dodgers,1056292807831281664,2018-10-27 21:13:25,WorldSeries
R3Thorns,3196909639,Dodgers,1056292807831281664,2018-10-27 21:13:25,dodgers
R3Thorns,3196909639,Dodgers,1056292807831281664,2018-10-27 21:13:25,California
R3Thorns,3196909639,Dodgers,1056292807831281664,2018-10-27 21:13:25,JohnCox
R3Thorns,3196909639,Dodgers,1056292807831281664,2018-10-27 21:13:25,NoSocialistNewsom
R3Thorns,3196909639,Dodgers,1056292807831281664,2018-10-27 21:13:25,SaveCalifornia
eve66e,588800155,Dodgers,1056292807504056320,2018-10-27 21:13:24,Dodgers
eve66e,588800155,Dodgers,1056292807504056320,2018-10-27 21:13:24,LineupFun
eve66e,588800155,Dodgers,1056292807504056320,2018-10-27 21:13:24,Game4
VelgaraYma,808180086,Dodgers,1056292804970799104,2018-10-27 21:13:24,WorldSeries
C_Araiza14,136529830,Dodgers,1056292793839054848,2018-10-27 21:13:21,Dodgers
C_Araiza14,136529830,Dodgers,1056292793839054848,2018-10-27 21:13:21,RedSox
C_Araiza14,136529830,Dodgers,1056292793839054848,2018-10-27 21:13:21,WorldSeries
C_Araiza14,136529830,Dodgers,1056292793839054848,2018-10-27 21:13:21,LADetermined
Jonatha32656850,2176927688,Dodgers,1056292793432166400,2018-10-27 21:13:21,LADetermined
Jonatha32656850,2176927688,Dodgers,1056292793432166400,2018-10-27 21:13:21,WorldSeries
Jonatha32656850,2176927688,Dodgers,1056292793432166400,2018-10-27 21:13:21,Dodgers
Jonatha32656850,2176927688,Dodgers,1056292793432166400,2018-10-27 21:13:21,JustWinBaby
ccgrime,250961252,Dodgers,1056292778953519104,2018-10-27 21:13:18,Dodgers
ccgrime,250961252,Dodgers,1056292778953519104,2018-10-27 21:13:18,RedSox
ccgrime,250961252,Dodgers,1056292778953519104,2018-10-27 21:13:18,WorldSeries
ccgrime,250961252,Dodgers,1056292778953519104,2018-10-27 21:13:18,LADetermined
PabloDizzle,230942109,Dodgers,1056292740936290304,2018-10-27 21:13:09,Dodgers
myneckmyback,16632778,Dodgers,1056292730425483266,2018-10-27 21:13:06,nola
myneckmyback,16632778,Dodgers,1056292730425483266,2018-10-27 21:13:06,LA
myneckmyback,16632778,Dodgers,1056292730425483266,2018-10-27 21:13:06,dodgers
sportsfan3328,737936498,Dodgers,1056292727388692482,2018-10-27 21:13:05,WorldSeries
Lebrot23,1001305958688079874,Dodgers,1056292722745716737,2018-10-27 21:13:04,Dodgers
_liiaaaaaa,542024327,Dodgers,1056292721277591552,2018-10-27 21:13:04,LADetermined
LAPDZBorquez,1276611187,Dodgers,1056292720212271104,2018-10-27 21:13:04,WorldSeries
Northern_Soul_,1381685072,Ball Park,1056291035003916289,2018-10-27 21:06:22,Liverpool
Kkmcky,124924136,Ball Park,1056284606863994882,2018-10-27 20:40:49,XFactor
Kkmcky,124924136,Ball Park,1056284606863994882,2018-10-27 20:40:49,JAMAICA
timhov12,861704398480830466,Ball Park,1056280038184833025,2018-10-27 20:22:40,dodamage
timhov12,861704398480830466,Ball Park,1056280038184833025,2018-10-27 20:22:40,dirtywater
USCGamecockBoy,207783185,Ball Park,1056273336387489792,2018-10-27 19:56:02,Gamecocks
AndrewKoobHS,760861527482232832,Ball Park,1056271665263493120,2018-10-27 19:49:24,NJfootball
brown_chipper,3218524752,Ball Park,1056269853642944512,2018-10-27 19:42:12,Gamecocks
team980,45540582,Ball Park,1056269784915021824,2018-10-27 19:41:55,Terps
team980,45540582,Ball Park,1056269784915021824,2018-10-27 19:41:55,Terps
team980,45540582,Ball Park,1056269784915021824,2018-10-27 19:41:55,FightingIllini
simonbreakell,92743307,Ball Park,1056265227925405699,2018-10-27 19:23:49,rovers
Segrage_ke,798852088717406208,Ball Park,1056262048802316288,2018-10-27 19:11:11,AboveTheRim
Segrage_ke,798852088717406208,Ball Park,1056262048802316288,2018-10-27 19:11:11,Trapadrive
Segrage_ke,798852088717406208,Ball Park,1056262048802316288,2018-10-27 19:11:11,Music
JohnOCAP,1013808600,Ball Park,1056261874356957185,2018-10-27 19:10:29,rescuedog
gogamecocks,18959935,Ball Park,1056261802617700355,2018-10-27 19:10:12,Gamecocks
TBDFEATURES,974745637697867776,Ball Park,1056261679217033216,2018-10-27 19:09:43,AboveTheRim
TBDFEATURES,974745637697867776,Ball Park,1056261679217033216,2018-10-27 19:09:43,Trapadrive
TBDFEATURES,974745637697867776,Ball Park,1056261679217033216,2018-10-27 19:09:43,Music
TBDFEATURES,974745637697867776,Ball Park,1056261679217033216,2018-10-27 19:09:43,KKWBODY
TBDFEATURES,974745637697867776,Ball Park,1056261679217033216,2018-10-27 19:09:43,Turn
TBDFEATURES,974745637697867776,Ball Park,1056261679217033216,2018-10-27 19:09:43,WarWounds
TBDFEATURES,974745637697867776,Ball Park,1056261679217033216,2018-10-27 19:09:43,time
TBDFEATURES,974745637697867776,Ball Park,1056261679217033216,2018-10-27 19:09:43,painful
TBDFEATURES,974745637697867776,Ball Park,1056261679217033216,2018-10-27 19:09:43,Phx
TBDFEATURES,974745637697867776,Ball Park,1056261679217033216,2018-10-27 19:09:43,Atlanta
GregHadley9,2291761297,Ball Park,1056261468562354178,2018-10-27 19:08:53,Gamecocks
Obriens13,62894967,Ball Park,1056251913795039232,2018-10-27 18:30:55,SCI18
deborahskyrim,2853542034,Ball Park,1056248059674456064,2018-10-27 18:15:36,Fukushima
hawkeyesidekick,4005167218,Ball Park,1056247766803013632,2018-10-27 18:14:26,MUNvGLA
DatBoi_YT,831233740567359488,Ball Park,1056239482347929601,2018-10-27 17:41:31,nba2k19
wdefnews12,28645139,Ball Park,1056238214682423298,2018-10-27 17:36:28,Normalpalooza
AWorthyNews,2241611058,Ball Park,1056234965871050753,2018-10-27 17:23:34,Normalpalooza
AWorthyNews,2241611058,Ball Park,1056234965871050753,2018-10-27 17:23:34,wearenp
chriswill85,37746543,Ball Park,1056233303878131712,2018-10-27 17:16:58,Wwfc
chriswill85,37746543,Ball Park,1056233303878131712,2018-10-27 17:16:58,wolvesaywe
ckSportLeader,539359769,Ball Park,1056230522542796800,2018-10-27 17:05:55,munvgla
ckSportLeader,539359769,Ball Park,1056230522542796800,2018-10-27 17:05:55,LLSport
Starr1472,975031544,Ball Park,1056229909243289600,2018-10-27 17:03:28,MetalDetecting
bdnews24,19827010,Ball Park,1056225368645033986,2018-10-27 16:45:26,tech
danielfheck,26148614,Ball Park,1056222212926119937,2018-10-27 16:32:53,WarEagle
Ratzmann1S,3311561270,Ball Park,1056219977945153542,2018-10-27 16:24:01,BrewersWouldveSoldOutEveryGame
Ratzmann1S,3311561270,Ball Park,1056219977945153542,2018-10-27 16:24:01,StillUpset
Zelle,708041982187155456,Ball Park,1056213960297533441,2018-10-27 16:00:06,HowMoneyMoves
Landisile_Mba,2331458116,Ball Park,1056206888830976002,2018-10-27 15:32:00,SowetoDerby
jphoga36,759645006,Ball Park,1056206366552010752,2018-10-27 15:29:55,disrespectful
jphoga36,759645006,Ball Park,1056206366552010752,2018-10-27 15:29:55,Wizards
Gail_in_VA,17085966,Ball Park,1056205437236854785,2018-10-27 15:26:14,dodgers
Gail_in_VA,17085966,Ball Park,1056205437236854785,2018-10-27 15:26:14,WorldSeries2018
Gail_in_VA,17085966,Ball Park,1056205437236854785,2018-10-27 15:26:14,Game3
VibhorParashar3,3361433538,Ball Park,1056200910123098112,2018-10-27 15:08:14,IndianIdol
Jaskirat214,1054267960842313728,Ball Park,1056198792234422272,2018-10-27 14:59:49,IndianIdol
SonyTV,145592277,Ball Park,1056198705928380418,2018-10-27 14:59:29,IndianIdol
LewisBarton17,776707592131375104,Ball Park,1056197180778823680,2018-10-27 14:53:25,LFC
KilmarnockFC,701239488,Ball Park,1056195346676756480,2018-10-27 14:46:08,WeAreKillie
iamNtane,89172873,Ball Park,1056195154942550016,2018-10-27 14:45:22,absaprem
BOREHAM_WOODFC,594495106,Ball Park,1056194230085926913,2018-10-27 14:41:42,BWood
orstratfan,4668227778,Ball Park,1056193832453206016,2018-10-27 14:40:07,sharelight
orstratfan,4668227778,Ball Park,1056193832453206016,2018-10-27 14:40:07,luv
orstratfan,4668227778,Ball Park,1056193832453206016,2018-10-27 14:40:07,illuminate
toplay4ever,16514787,Ball Park,1056189662815969280,2018-10-27 14:23:33,willow
toplay4ever,16514787,Ball Park,1056189662815969280,2018-10-27 14:23:33,winston
toplay4ever,16514787,Ball Park,1056189662815969280,2018-10-27 14:23:33,bostonterrier
toplay4ever,16514787,Ball Park,1056189662815969280,2018-10-27 14:23:33,dog
toplay4ever,16514787,Ball Park,1056189662815969280,2018-10-27 14:23:33,krakens
toplay4ever,16514787,Ball Park,1056189662815969280,2018-10-27 14:23:33,hiking
toplay4ever,16514787,Ball Park,1056189662815969280,2018-10-27 14:23:33,dogpark
toplay4ever,16514787,Ball Park,1056189662815969280,2018-10-27 14:23:33,ball
toplay4ever,16514787,Ball Park,1056189662815969280,2018-10-27 14:23:33,love
toplay4ever,16514787,Ball Park,1056189662815969280,2018-10-27 14:23:33,love
toplay4ever,16514787,Ball Park,1056189662815969280,2018-10-27 14:23:33,awesome
FGRFC_Official,318313534,Ball Park,1056189422612500482,2018-10-27 14:22:36,WeAreFGR
ParkHouseRugby,187361444,Ball Park,1056186821036646403,2018-10-27 14:12:15,PHFC
ParkHouseRugby,187361444,Ball Park,1056186821036646403,2018-10-27 14:12:15,rugby
Cantilever_Chat,1049310265920163840,Ball Park,1056184585736937473,2018-10-27 14:03:22,UpTheYellows
OfficialPVFC,333915533,Ball Park,1056184010244833280,2018-10-27 14:01:05,PVFCLive
beingshrutip,227221557,Ball Park,1056183659764572160,2018-10-27 13:59:42,BadhaaiHo
FcRodes,1054673297143750656,Ball Park,1056181242595606529,2018-10-27 13:50:05,BadhaaiHo
joncolman,25907633,Ball Park,1056180784078426112,2018-10-27 13:48:16,cufc
StrategiesAmer1,1010029319492472833,Ball Park,1056180372646645760,2018-10-27 13:46:38,RedWave2018
genshimrealtor,933439273021333504,Ball Park,1056177810707005440,2018-10-27 13:36:27,concordadex
genshimrealtor,933439273021333504,Ball Park,1056177810707005440,2018-10-27 13:36:27,kingslandingcondos
genshimrealtor,933439273021333504,Ball Park,1056177810707005440,2018-10-27 13:36:27,realestate
genshimrealtor,933439273021333504,Ball Park,1056177810707005440,2018-10-27 13:36:27,toronto
Soul3ater32,1130806297,Ball Park,1056172868957061122,2018-10-27 13:16:49,Fallout76BETA
Dave_Comerford,3007845255,Ball Park,1056169547282161664,2018-10-27 13:03:37,LFC
ShoemakersNTFC,4904224954,Ball Park,1056165485430165504,2018-10-27 12:47:28,NTFC
ShoemakersNTFC,4904224954,Ball Park,1056165485430165504,2018-10-27 12:47:28,ProudToBe
ShoemakersNTFC,4904224954,Ball Park,1056165485430165504,2018-10-27 12:47:28,CobblersFansTeam
J_Guth117,3882869849,Ball Park,1056165477851021312,2018-10-27 12:47:27,letsplayball
jlo_azad,1888522045,Ball Park,1056163930307842048,2018-10-27 12:41:18,INDvWI
FOX13Memphis,10722372,Ball Park,1056159295472046080,2018-10-27 12:22:53,tnwx
edamoreFOX13,249925478,Ball Park,1056149829028585474,2018-10-27 11:45:16,tnwx
edamoreFOX13,249925478,Ball Park,1056149829028585474,2018-10-27 11:45:16,mswx
edamoreFOX13,249925478,Ball Park,1056149829028585474,2018-10-27 11:45:16,arwx
Srvaman,116235648,Ball Park,1056131756229746688,2018-10-27 10:33:27,BadhaaiHo
Liverpool_Rambo,2189809908,Ball Park,1056127601226338304,2018-10-27 10:16:56,BadhaaiHo
ZaAkaash,711999301140877312,Ball Park,1056127054893195264,2018-10-27 10:14:46,BadhaaiHo
_mikeroyal,2557579709,Ball Park,1056125109486915584,2018-10-27 10:07:02,GospelMusic
_mikeroyal,2557579709,Ball Park,1056125109486915584,2018-10-27 10:07:02,Gospel
_mikeroyal,2557579709,Ball Park,1056125109486915584,2018-10-27 10:07:02,Church
urstrulyGouse,2950762536,Ball Park,1056121066932776961,2018-10-27 09:50:58,BadhaaiHo
PMaropeng,717623297,Ball Park,1056118428233285632,2018-10-27 09:40:29,absaprem
VijayMauriceJoh,3192137250,Ball Park,1056113670202114050,2018-10-27 09:21:35,BadhaaiHo
moepimatome,218758285,Ball Park,1056112647123410944,2018-10-27 09:17:31,absaprem
Kujursaab,831474649,Ball Park,1056097116622413825,2018-10-27 08:15:48,INDvsWI
Kujursaab,831474649,Ball Park,1056097116622413825,2018-10-27 08:15:48,BattleOfSixes
Kujursaab,831474649,Ball Park,1056097116622413825,2018-10-27 08:15:48,NerolacCricketLive
BazarComedy,1228205280,Ball Park,1056088555712217088,2018-10-27 07:41:47,WorldSeries
BazarComedy,1228205280,Ball Park,1056088555712217088,2018-10-27 07:41:47,JoeBuck
growmadsteven,333464446,Ball Park,1056088252220891136,2018-10-27 07:40:35,dogwalking
growmadsteven,333464446,Ball Park,1056088252220891136,2018-10-27 07:40:35,labrador
growmadsteven,333464446,Ball Park,1056088252220891136,2018-10-27 07:40:35,labsofinstagram
growmadsteven,333464446,Ball Park,1056088252220891136,2018-10-27 07:40:35,blacklab
growmadsteven,333464446,Ball Park,1056088252220891136,2018-10-27 07:40:35,litter
growmadsteven,333464446,Ball Park,1056088252220891136,2018-10-27 07:40:35,noplastic
growmadsteven,333464446,Ball Park,1056088252220891136,2018-10-27 07:40:35,suttonpark
growmadsteven,333464446,Ball Park,1056088252220891136,2018-10-27 07:40:35,birmingham
growmadsteven,333464446,Ball Park,1056088252220891136,2018-10-27 07:40:35,labradorretriever
growmadsteven,333464446,Ball Park,1056088252220891136,2018-10-27 07:40:35,aut
SirStiles007,237336132,Ball Park,1056088191051227136,2018-10-27 07:40:20,WorldSeries
DawgoneCrazy,4905391981,Ball Park,1056086955769782272,2018-10-27 07:35:26,WorldSeries
SUN___RAE,967916462,Ball Park,1056084883272015872,2018-10-27 07:27:11,TEAMGINUWINE
MTGknifer,2721477074,Ball Park,1056082513523851264,2018-10-27 07:17:46,WorldSeries
primetimeklein,116519087,Ball Park,1056081739888582657,2018-10-27 07:14:42,Dodgers
primetimeklein,116519087,Ball Park,1056081739888582657,2018-10-27 07:14:42,RedSox
Ajaykumar9861,797449198597767168,Ball Park,1056074986236997632,2018-10-27 06:47:52,BadhaaiHo
SassStrength,445386081,Ball Park,1056073203028643840,2018-10-27 06:40:47,sorrytothoseofyouthere
SassStrength,445386081,Ball Park,1056073203028643840,2018-10-27 06:40:47,WorldSeries18
Methousmcjade,1248080294,Ball Park,1056072204394381312,2018-10-27 06:36:49,DoDamage
Methousmcjade,1248080294,Ball Park,1056072204394381312,2018-10-27 06:36:49,RedSox
Methousmcjade,1248080294,Ball Park,1056072204394381312,2018-10-27 06:36:49,WorldSeries
babhymahal,3833742579,Ball Park,1056072061481897985,2018-10-27 06:36:14,DoDamage
babhymahal,3833742579,Ball Park,1056072061481897985,2018-10-27 06:36:14,RedSox
babhymahal,3833742579,Ball Park,1056072061481897985,2018-10-27 06:36:14,WorldSeries
Chairman1857,2318968482,Ball Park,1056068499922210816,2018-10-27 06:22:05,birthday
Chairman1857,2318968482,Ball Park,1056068499922210816,2018-10-27 06:22:05,football
BILLWELCOME,407497469,Ball Park,1056067424318054401,2018-10-27 06:17:49,WorldSeries
BILLWELCOME,407497469,Ball Park,1056067424318054401,2018-10-27 06:17:49,RedSox
baseball_uni,132977363,Ball Park,1056062971913424896,2018-10-27 06:00:07,
baseball_uni,132977363,Ball Park,1056062971913424896,2018-10-27 06:00:07,
baseball_uni,132977363,Ball Park,1056062971913424896,2018-10-27 06:00:07,
kome_1995,3322252656,Ball Park,1056062337059192838,2018-10-27 05:57:36,
Da_real_magicc,1309539997,Ball Park,1056059977654304768,2018-10-27 05:48:13,absaprem
arunpeepu60,2935000080,Ball Park,1056058398750445568,2018-10-27 05:41:57,BadhaaiHo
NyteRyda_2,200676308,Ball Park,1056057470383206400,2018-10-27 05:38:16,MLB
NyteRyda_2,200676308,Ball Park,1056057470383206400,2018-10-27 05:38:16,MLBPostseason
NyteRyda_2,200676308,Ball Park,1056057470383206400,2018-10-27 05:38:16,WorldSeries2018
sanxrahya,1048946855139139587,Ball Park,1056056652380565505,2018-10-27 05:35:01,BadhaaiHo
sanxrahya,1048946855139139587,Ball Park,1056056526878597120,2018-10-27 05:34:31,BoxOffice
sanxrahya,1048946855139139587,Ball Park,1056056526878597120,2018-10-27 05:34:31,BadhaaiHo
HlongoaneLeslie,927481377599229953,Ball Park,1056056076049760256,2018-10-27 05:32:43,absaprem
MtshweniSammy,1036718003193298945,Ball Park,1056055935288991744,2018-10-27 05:32:10,absaprem
Nhlanhl02945589,1003692671318315010,Ball Park,1056053971121594368,2018-10-27 05:24:21,absaprem
RGavargur,1033237106074603521,Ball Park,1056053738975031297,2018-10-27 05:23:26,BadhaaiHo
Ibadsayed,554219091,Ball Park,1056048391459954688,2018-10-27 05:02:11,BadhaaiHo
Deepakroy1888,3309087170,Ball Park,1056044148975910912,2018-10-27 04:45:20,BadhaaiHo
kikisometimes,28348226,Ball Park,1056042360654716936,2018-10-27 04:38:13,absaprem
Bhekwa_BrianMNG,987971528166961152,Ball Park,1056040818715381760,2018-10-27 04:32:06,absaprem
iSanketyadav,3945052034,Ball Park,1056040535167721472,2018-10-27 04:30:58,BadhaaiHo
BrianWalker301,2455527265,Ball Park,1056036712923717632,2018-10-27 04:15:47,NBA2K19
being9ikku,815869021706928128,Ball Park,1056034614769111040,2018-10-27 04:07:26,BadhaaiHo
MYRJ_Arjun,717599185864777728,Ball Park,1056028324110061568,2018-10-27 03:42:27,BadhaaiHo
SAmitDhingra,562624315,Ball Park,1056027411022798848,2018-10-27 03:38:49,BadhaaiHo
Ayushmannks_fan,854543663342473217,Ball Park,1056027346275168256,2018-10-27 03:38:34,BadhaaiHo
TrafficDanM,217297990,Ball Park,1056026408366100480,2018-10-27 03:34:50,OwnIt
TrafficDanM,217297990,Ball Park,1056026408366100480,2018-10-27 03:34:50,WorldSeries
TrafficDanM,217297990,Ball Park,1056026408366100480,2018-10-27 03:34:50,RedSox
TrafficDanM,217297990,Ball Park,1056026408366100480,2018-10-27 03:34:50,Dodgers
itsmeaamir7,4882724376,Ball Park,1056025218546774017,2018-10-27 03:30:06,BadhaaiHo
Elmach4,187306465,Ball Park,1056023781653835776,2018-10-27 03:24:24,BadhaaiHo
jangidrahul165,911021450450018304,Ball Park,1056017632074190848,2018-10-27 02:59:58,BadhaaiHo
Aakash30081992,3075460464,Ball Park,1056017554894807040,2018-10-27 02:59:39,BadhaaiHo
jasveer380,795880920817528832,Ball Park,1056016258708103169,2018-10-27 02:54:30,BadhaaiHo
MalIsHipHop,164821551,Ball Park,1056015748223590400,2018-10-27 02:52:28,Dodgers
PHXRisingFC,2386299422,Ball Park,1056015506400993282,2018-10-27 02:51:31,SPR
PHXRisingFC,2386299422,Ball Park,1056015506400993282,2018-10-27 02:51:31,PHXvSPR
abirami288,738716254299521024,Ball Park,1056013649637068801,2018-10-27 02:44:08,Ishqbaaaz
mafodimichael,2995574453,Ball Park,1056012222550433792,2018-10-27 02:38:28,absaprem
nripesh_kashyap,704392753447186432,Ball Park,1056011073457872896,2018-10-27 02:33:54,BadhaaiHo
Gaositwe17,1048122588382355459,Ball Park,1056010682976608256,2018-10-27 02:32:21,absaprem
parthpatel7125,2805125376,Ball Park,1056009665874513924,2018-10-27 02:28:18,BadhaaiHo
baluswetha96,831303253392445440,Ball Park,1056007773714997248,2018-10-27 02:20:47,Ishqbaaaz
ravali2886,2541576949,Ball Park,1056007301578911744,2018-10-27 02:18:55,BadhaaiHo
Maskulinski,571324160,Ball Park,1056006919964450817,2018-10-27 02:17:24,txhsfb
cfpodles,705580346251804672,Ball Park,1056006634089144326,2018-10-27 02:16:15,wcvb
chaitu972,340871404,Ball Park,1056005224295362561,2018-10-27 02:10:39,BadhaaiHo
drop_outs,576869726,Ball Park,1055992711604461568,2018-10-27 01:20:56,
SandiShochat,879052536,Ball Park,1055992259433431041,2018-10-27 01:19:08,wcvb
BossenberryCath,2416511266,Ball Park,1055991531948204032,2018-10-27 01:16:15,buymesomepeanutsandcrackerjacks
BossenberryCath,2416511266,Ball Park,1055991531948204032,2018-10-27 01:16:15,smellsoftheballpark
mvassy14,2969934070,Ball Park,1055990913170898944,2018-10-27 01:13:47,wcvb
Eventhedogsabo1,1039240054147829760,Ball Park,1055990834775101441,2018-10-27 01:13:29,wcvb
BoSoxInjection,117169702,Ball Park,1055989715663536128,2018-10-27 01:09:02,Dodgers
BoSoxInjection,117169702,Ball Park,1055989715663536128,2018-10-27 01:09:02,WorldSeries
SalisburyPolice,189695665,Ball Park,1055989677092683776,2018-10-27 01:08:53,wcvb
AakashD70586259,892432297953120260,Ball Park,1055989422397763586,2018-10-27 01:07:52,BadhaaiHo
Chillout2Day,413655473,Ball Park,1055988720422342658,2018-10-27 01:05:04,worldseries
Lostways27,317997798,Ball Park,1055987951304347648,2018-10-27 01:02:01,wcvb
510BLAZE,758077278815293440,Ball Park,1055987644054683648,2018-10-27 01:00:48,WorldSeries
TMAN1138pm,2185171932,Ball Park,1055986588394643456,2018-10-27 00:56:36,wcvb
WCVB,21419504,Ball Park,1055986451656179713,2018-10-27 00:56:04,wcvb
MetMikeWCVB,113023924,Ball Park,1055986384606060544,2018-10-27 00:55:48,wcvb
Maskulinski,571324160,Ball Park,1055984517310267393,2018-10-27 00:48:22,txhsfb
khanyanorman,2655438406,Ball Park,1055983978124140545,2018-10-27 00:46:14,absaprem
HazRobert,1559468120,Ball Park,1055983458739056640,2018-10-27 00:44:10,auspol
Gumm_Zoro,256425573,Ball Park,1055982661972475905,2018-10-27 00:41:00,absaprem
MadnessMultiple,1972451413,Ball Park,1055980407404019713,2018-10-27 00:32:02,Ishqbaaaz
MadnessMultiple,1972451413,Ball Park,1055980407404019713,2018-10-27 00:32:02,ITA2018
MadnessMultiple,1972451413,Ball Park,1055980407404019713,2018-10-27 00:32:02,AVTA2018
deeman_77,1048625132,Ball Park,1055979784587509760,2018-10-27 00:29:34,SydneyDerby
fetishfactory,26844483,Ball Park,1055979147078615040,2018-10-27 00:27:02,fetishfactory
fetishfactory,26844483,Ball Park,1055979147078615040,2018-10-27 00:27:02,bdsmcommunity
USCstats,781588710,Ball Park,1055977033157750784,2018-10-27 00:18:38,footballiswet
momsaterp,18356981,Ball Park,1055975105615011841,2018-10-27 00:10:58,SilverLining
EstadioDxts,938568354133970944,Ball Park,1055975038481035264,2018-10-27 00:10:42,SerieMundial
EstadioDxts,938568354133970944,Ball Park,1055975038481035264,2018-10-27 00:10:42,RedSox
EstadioDxts,938568354133970944,Ball Park,1055975038481035264,2018-10-27 00:10:42,Dodgers
da_anele,952644098342768641,Ball Park,1055970734667898882,2018-10-26 23:53:36,absaprem
ThatDick_Teekay,823885885,Ball Park,1055969807298977792,2018-10-26 23:49:55,absaprem
MartaOrtga,2818012309,Ball Park,1055966235459010561,2018-10-26 23:35:44,birthday
MartaOrtga,2818012309,Ball Park,1055966235459010561,2018-10-26 23:35:44,football
baseball_uni,132977363,Ball Park,1055962306385977345,2018-10-26 23:20:07,
baseball_uni,132977363,Ball Park,1055962306385977345,2018-10-26 23:20:07,
makuni2_zane,266749924,Ball Park,1055960945120436224,2018-10-26 23:14:42,absaprem
MTHIMBANETHEONE,914262025890664448,Ball Park,1055960464667086848,2018-10-26 23:12:48,absaprem
ndcricket,2988374518,Ball Park,1055959262956900352,2018-10-26 23:08:01,FordTrophy
ndcricket,2988374518,Ball Park,1055959262956900352,2018-10-26 23:08:01,ndtogether
ndcricket,2988374518,Ball Park,1055959262956900352,2018-10-26 23:08:01,cricketnation
thecentraltable,313905107,Ball Park,1055957554432421888,2018-10-26 23:01:14,onpoli
Bg262,2717555376,Ball Park,1055955235074654209,2018-10-26 22:52:01,bg262
Bg262,2717555376,Ball Park,1055955235074654209,2018-10-26 22:52:01,streetsharks
toppernishu,222747067,Ball Park,1055950456621596672,2018-10-26 22:33:02,BadhaaiHo
LizDKelly,856176799,Ball Park,1055948714248941568,2018-10-26 22:26:06,gunghodesign
LizDKelly,856176799,Ball Park,1055948714248941568,2018-10-26 22:26:06,saveourbees
LizDKelly,856176799,Ball Park,1055948714248941568,2018-10-26 22:26:06,wolfandbadger
LenLaCara,15730402,Ball Park,1055946144612782083,2018-10-26 22:15:54,ROC
arslan_akshay,778443359727652864,Ball Park,1055944679261433856,2018-10-26 22:10:04,BoxOffice
arslan_akshay,778443359727652864,Ball Park,1055944679261433856,2018-10-26 22:10:04,BadhaaiHo
mwertlieb,1128464353,Ball Park,1055944422880362496,2018-10-26 22:09:03,WorldSeries
GoldBoutique1,255622111,Ball Park,1055943312065081344,2018-10-26 22:04:38,trentpark
SwxxtPxxxy__,1462121682,Ball Park,1055943290636435456,2018-10-26 22:04:33,absaprem
arslan_akshay,778443359727652864,Ball Park,1055943145895149570,2018-10-26 22:03:59,BadhaaiHo
SMCCSuns,203069286,Ball Park,1055941220483190784,2018-10-26 21:56:20,gosuns
SMCCSuns,203069286,Ball Park,1055941220483190784,2018-10-26 21:56:20,sunsrising
BORWNCARPY,262184328,Ball Park,1055932918101655554,2018-10-26 21:23:20,absaprem
SameerDes,28996955,Ball Park,1055929123925716992,2018-10-26 21:08:16,BadhaaiHo
JAISURYAN,232061196,Ball Park,1055919804035538944,2018-10-26 20:31:13,BadhaaiHo
ricardo14junho,3342156946,Ball Park,1055919529405112320,2018-10-26 20:30:08,AlfandegadaFePortugal
ricardo14junho,3342156946,Ball Park,1055919529405112320,2018-10-26 20:30:08,beautiful
ricardo14junho,3342156946,Ball Park,1055919529405112320,2018-10-26 20:30:08,outside
ricardo14junho,3342156946,Ball Park,1055919529405112320,2018-10-26 20:30:08,nature
ricardo14junho,3342156946,Ball Park,1055919529405112320,2018-10-26 20:30:08,portrait
ricardo14junho,3342156946,Ball Park,1055919529405112320,2018-10-26 20:30:08,people
ricardo14junho,3342156946,Ball Park,1055919529405112320,2018-10-26 20:30:08,summer
ricardo14junho,3342156946,Ball Park,1055919529405112320,2018-10-26 20:30:08,outdoors
ricardo14junho,3342156946,Ball Park,1055919529405112320,2018-10-26 20:30:08,solo
ricardo14junho,3342156946,Ball Park,1055919529405112320,2018-10-26 20:30:08,park
ricardo14junho,3342156946,Ball Park,1055919529405112320,2018-10-26 20:30:08,lifestyle
ricardo14junho,3342156946,Ball Park,1055919529405112320,2018-10-26 20:30:08,tree
ricardo14junho,3342156946,Ball Park,1055919529405112320,2018-10-26 20:30:08,guidance
ricardo14junho,3342156946,Ball Park,1055919529405112320,2018-10-26 20:30:08,young
ricardo14junho,3342156946,Ball Park,1055919529405112320,2018-10-26 20:30:08,leisure
ricardo14junho,3342156946,Ball Park,1055919529405112320,2018-10-26 20:30:08,snypechat
MatthewOcleary,508953736,Ball Park,1055917887599374344,2018-10-26 20:23:37,avfc
SaleSharksRugby,83928002,Ball Park,1055917089129553920,2018-10-26 20:20:26,WORvSAL
SaleSharksRugby,83928002,Ball Park,1055917089129553920,2018-10-26 20:20:26,PremRugbyCup
Sveegdossantos,2706538023,Ball Park,1055916835651100674,2018-10-26 20:19:26,absaprem
Mirasse_,2208012724,Ball Park,1055916457425625090,2018-10-26 20:17:56,absaprem
vishnusann,982621865922387973,Ball Park,1055913351111266304,2018-10-26 20:05:35,BadhaaiHo
AceMagashule99,889964499649921025,Ball Park,1055913118159773698,2018-10-26 20:04:39,absaprem
AdityaS71208538,1012057930047188992,Ball Park,1055911750598447104,2018-10-26 19:59:13,BadhaaiHo
barbiemacs,1229400356,Ball Park,1055911747595382784,2018-10-26 19:59:13,fedUP
barbiemacs,1229400356,Ball Park,1055911747595382784,2018-10-26 19:59:13,fireSHEPsmith
emmasah39,741225837450678272,Ball Park,1055908638022361093,2018-10-26 19:46:51,DANCEOFF
vipra182218,927068729120194560,Ball Park,1055905240317276160,2018-10-26 19:33:21,BadhaaiHo
BollywoodBuffMD,114940463,Ball Park,1055903356655296512,2018-10-26 19:25:52,BadhaaiHo
Willzinator,3092543332,Ball Park,1055902491953504258,2018-10-26 19:22:26,RDR2
Willzinator,3092543332,Ball Park,1055902491953504258,2018-10-26 19:22:26,RDR2
_NOT0RI0US,2456883842,Ball Park,1055900320180723712,2018-10-26 19:13:48,PAKvAUS
Ladyfemme9,1612010046,Ball Park,1055900156963491840,2018-10-26 19:13:09,DoDamage
QPRSteve1982,3360387851,Ball Park,1055899149860851712,2018-10-26 19:09:09,QPRAVL
IamThatoMoloto_,959494463126167552,Ball Park,1055897459476566021,2018-10-26 19:02:26,AbsaPrem
amceejey,1401520172,Ball Park,1055895044677230592,2018-10-26 18:52:50,BadhaaiHo
iam_chiran,779104458,Ball Park,1055894850422206464,2018-10-26 18:52:04,BadhaaiHo
jstewi327,823207783000666113,Ball Park,1055894227094290434,2018-10-26 18:49:35,vote
RaviDan10,979648273005899776,Ball Park,1055893547461828608,2018-10-26 18:46:53,BadhaaiHo
realarcticH,737236264081063940,Ball Park,1055892647452135424,2018-10-26 18:43:19,BadhaaiHo
NRA_TacoBowl_MS,3248832505,Ball Park,1055892577520676866,2018-10-26 18:43:02,Antifa
nycgov,250884927,Ball Park,1055886276660989954,2018-10-26 18:18:00,SAFEdisposal
nycgov,250884927,Ball Park,1055886276660989954,2018-10-26 18:18:00,inQueens
CSarothiya,4732615027,Ball Park,1055884098604949504,2018-10-26 18:09:21,BadhaaiHo
jbsf_uk,3259280419,Ball Park,1055878878877626368,2018-10-26 17:48:36,Embankment
catchakhilesh,76985140,Ball Park,1055877226682597376,2018-10-26 17:42:02,BadhaaiHo
krishan_aditya,1568853499,Ball Park,1055871889892143105,2018-10-26 17:20:50,BadhaaiHo
pavanpatil777,1509398551,Ball Park,1055870262501986304,2018-10-26 17:14:22,BadhaaiHo
echoparknow,26913553,Ball Park,1055868831569047552,2018-10-26 17:08:41,WorldSeries
echoparknow,26913553,Ball Park,1055868831569047552,2018-10-26 17:08:41,Dodgers
pradeeppenumadu,247659751,Ball Park,1055868461560131584,2018-10-26 17:07:12,BadhaaiHo
deepsh_11,969840933997969408,Ball Park,1055867388200017920,2018-10-26 17:02:57,BadhaaiHo
TrencherLA,1681068492,Ball Park,1055866832337408000,2018-10-26 17:00:44,WorldSeries
TrencherLA,1681068492,Ball Park,1055866832337408000,2018-10-26 17:00:44,Dodgers
TrencherLA,1681068492,Ball Park,1055866832337408000,2018-10-26 17:00:44,echopark
TrencherLA,1681068492,Ball Park,1055866832337408000,2018-10-26 17:00:44,dodgerstadium
TrencherLA,1681068492,Ball Park,1055866832337408000,2018-10-26 17:00:44,forkyeah
TrencherLA,1681068492,Ball Park,1055866832337408000,2018-10-26 17:00:44,LAfoodie
TrencherLA,1681068492,Ball Park,1055866832337408000,2018-10-26 17:00:44,eaterLA
TrencherLA,1681068492,Ball Park,1055866832337408000,2018-10-26 17:00:44,LAeats
TrencherLA,1681068492,Ball Park,1055866832337408000,2018-10-26 17:00:44,hungry
TrencherLA,1681068492,Ball Park,1055866832337408000,2018-10-26 17:00:44,sandwich
MGYakima,1042583427050954752,Ball Park,1055864889552527360,2018-10-26 16:53:01,Halloween2018
MGYakima,1042583427050954752,Ball Park,1055864889552527360,2018-10-26 16:53:01,UGHaunted
BTS_JIMIN__PARK,921837841365327872,Ball Park,1055863906923626496,2018-10-26 16:49:07,PSY
BTS_JIMIN__PARK,921837841365327872,Ball Park,1055863906923626496,2018-10-26 16:49:07,TaylorSwift
BTS_JIMIN__PARK,921837841365327872,Ball Park,1055863906923626496,2018-10-26 16:49:07,Adele
SakibMa82474977,888915752715255809,Ball Park,1055863201869512704,2018-10-26 16:46:18,BadhaaiHo
its_aayush_GG,740037582822727680,Ball Park,1055861409932705792,2018-10-26 16:39:11,BadhaaiHo
Asif97614052,1054266580870131712,Ball Park,1055860031269171200,2018-10-26 16:33:43,BadhaaiHo
CinemaSouth,3741484978,Ball Park,1055858940276203520,2018-10-26 16:29:22,BadhaaiHo
park_satan95,1028986391521370112,Ball Park,1055857242745044993,2018-10-26 16:22:38,PSY
park_satan95,1028986391521370112,Ball Park,1055857242745044993,2018-10-26 16:22:38,TaylorSwift
park_satan95,1028986391521370112,Ball Park,1055857242745044993,2018-10-26 16:22:38,Adele
upadhyayabhish,2789746125,Ball Park,1055856976322715649,2018-10-26 16:21:34,BadhaaiHo
UnionGapWA,2847768121,Ball Park,1055856448603713536,2018-10-26 16:19:28,Halloween2018
UnionGapWA,2847768121,Ball Park,1055856448603713536,2018-10-26 16:19:28,UGHaunted
RenuThapliyal2,4295819233,Ball Park,1055851580912615426,2018-10-26 16:00:08,BadhaaiHo
GULATIJI,141450608,Ball Park,1055850292258922496,2018-10-26 15:55:01,BadhaaiHo
AkashBa74,800557200691249152,Ball Park,1055848058901000193,2018-10-26 15:46:08,BadhaaiHo
emptiness_sanju,702824707834294272,Ball Park,1055846736059658240,2018-10-26 15:40:53,BadhaaiHo
Sid_pro97,736156692459622400,Ball Park,1055844800493015041,2018-10-26 15:33:11,BadhaaiHo
Crofty,748373,Ball Park,1055844595991502850,2018-10-26 15:32:22,Oldham
curtishare76,1594399237,Ball Park,1055843428909502464,2018-10-26 15:27:44,MLB
HYPECincinnati,26244957,Ball Park,1055842339036561408,2018-10-26 15:23:24,cincyexperience
HYPECincinnati,26244957,Ball Park,1055842339036561408,2018-10-26 15:23:24,hellocincy
pareshcoolguy,437413702,Ball Park,1055838710044872706,2018-10-26 15:08:59,BadhaaiHo
Yedil40915198,1023662966674284544,Ball Park,1055837414718164993,2018-10-26 15:03:50,BadhaaiHo
BhavyaAnand7,718330139306758145,Ball Park,1055837324049698817,2018-10-26 15:03:29,BadhaaiHo
danishafridi026,746771904510328832,Ball Park,1055835754062987264,2018-10-26 14:57:14,BadhaaiHo
samnarotsky,1561674103,Ball Park,1055831273980289025,2018-10-26 14:39:26,ROC
puresrkian,949867070,Ball Park,1055829106263154689,2018-10-26 14:30:49,BadhaaiHo
Sherlock668587,843377677893484544,Ball Park,1055827056653611008,2018-10-26 14:22:41,BadhaaiHo
dipankarjoshi2,2461061508,Ball Park,1055825254914973696,2018-10-26 14:15:31,BadhaaiHo
abdul_bk123,921404995978772480,Ball Park,1055823652640288768,2018-10-26 14:09:09,BadhaaiHo
abdulai20066050,950032771380113409,Ball Park,1055822160533569536,2018-10-26 14:03:13,BadhaaiHo
